client_id,score
2,0.5106847473280649
4,0.5001114240235093
9,0.5268891498437882
12,0.5106847473280649
14,0.5106847473280649
15,0.5106847473280649
29,0.5268891498437882
56,0.5006847473280649
58,0.5106847473280649
60,0.5006847473280649
62,0.5368891498437882
72,0.5201114240235093
74,0.5106847473280649
76,0.5468891498437882
85,0.5206847473280649
99,0.5045309011742188
104,0.4968891498437882
112,0.5513451402600582
120,0.5209504666378354
128,0.5106847473280649
131,0.5106847473280649
135,0.4911039090047117
143,0.5106847473280649
157,0.5615926209032391
159,0.5106847473280649
165,0.5106847473280649
176,0.5106847473280649
183,0.5206847473280649
191,0.5410051969172821
194,0.5009284517265628
206,0.5510283450654303
207,0.5106847473280649
228,0.5106847473280649
232,0.5568891498437882
286,0.49068474732806494
287,0.5106847473280649
296,0.5305768130664361
298,0.5106847473280649
299,0.5106847473280649
322,0.510735303689942
328,0.5106847473280649
335,0.5106847473280649
341,0.5106847473280649
348,0.5268891498437882
352,0.5106847473280649
353,0.5268891498437882
367,0.5106847473280649
370,0.5106847473280649
373,0.5006847473280649
379,0.49011142402350927
394,0.5106847473280649
395,0.5106847473280649
396,0.49068474732806494
400,0.5106847473280649
403,0.5201114240235093
410,0.5106847473280649
411,0.5106847473280649
417,0.5045309011742188
418,0.5468891498437882
438,0.5268891498437882
443,0.5106847473280649
27,0.5302368697236599
479,0.5106847473280649
480,0.5106847473280649
482,0.5368891498437882
485,0.5206847473280649
494,0.5106847473280649
495,0.47688914984378816
504,0.5420818853223819
509,0.5106847473280649
511,0.5464644203875314
520,0.5006847473280649
528,0.5201114240235093
537,0.5106847473280649
543,0.5106847473280649
548,0.5106847473280649
136,0.5106847473280649
554,0.5106847473280649
563,0.5372230184411442
569,0.5168891498437882
166,0.5006847473280649
590,0.5106847473280649
182,0.5568891498437882
593,0.5011039090047117
602,0.5368891498437882
609,0.48011142402350926
614,0.5173083115204349
627,0.5106847473280649
628,0.5268891498437882
631,0.5368891498437882
650,0.5106847473280649
657,0.5106847473280649
669,0.5145309011742188
682,0.5106847473280649
688,0.5013371142224374
695,0.5106847473280649
711,0.5568891498437882
714,0.547904608229085
717,0.5106847473280649
721,0.5106847473280649
744,0.5268891498437882
746,0.5106847473280649
749,0.5106847473280649
753,0.5106847473280649
755,0.5106847473280649
765,0.5068891498437882
768,0.5106847473280649
770,0.5106847473280649
772,0.5106847473280649
774,0.5006847473280649
791,0.5106847473280649
793,0.4873083115204349
797,0.5106847473280649
804,0.5106847473280649
809,0.5106847473280649
817,0.4706847473280649
830,0.5104923764044617
838,0.5106847473280649
839,0.5106847473280649
862,0.5106847473280649
864,0.5368891498437882
868,0.5106847473280649
873,0.5106847473280649
874,0.5268891498437882
889,0.5468891498437882
901,0.4501114240235093
902,0.5275646648863088
903,0.5106847473280649
904,0.5268891498437882
908,0.5368891498437882
910,0.49068474732806494
911,0.5306847473280649
917,0.5310186159254209
921,0.5268891498437882
930,0.4973083115204349
942,0.5368891498437882
943,0.5468891498437882
945,0.5106847473280649
954,0.4967780906901759
101,0.5106847473280649
965,0.4601114240235093
973,0.5368891498437882
979,0.5206847473280649
991,0.5106847473280649
995,0.5168891498437882
996,0.5045309011742188
1003,0.5106847473280649
1005,0.5106847473280649
1012,0.5106847473280649
1015,0.5106847473280649
1022,0.5106847473280649
606,0.5468891498437882
1031,0.5268891498437882
1041,0.5106847473280649
1046,0.5106847473280649
1047,0.5106847473280649
1056,0.5368891498437882
1058,0.5268891498437882
233,0.5106847473280649
1071,0.5175646648863088
1072,0.5106847473280649
1080,0.5468891498437882
1083,0.5106847473280649
1092,0.5106847473280649
258,0.48011142402350926
1097,0.5168891498437882
1103,0.5106847473280649
1110,0.5106847473280649
1112,0.5106847473280649
1128,0.5106847473280649
1129,0.5368891498437882
704,0.5468891498437882
1133,0.5106847473280649
1144,0.5268891498437882
1146,0.5406847473280649
1147,0.5113371142224374
1152,0.5671590430711283
334,0.5106847473280649
1160,0.5106847473280649
1161,0.5268891498437882
1165,0.5568891498437882
1172,0.5106847473280649
352,0.5106847473280649
757,0.5468891498437882
1180,0.5168891498437882
1181,0.5106847473280649
781,0.5382592875699058
1199,0.5006847473280649
1200,0.49011142402350927
1203,0.5510283450654303
1204,0.5368891498437882
806,0.5006847473280649
1218,0.5106847473280649
1222,0.5368891498437882
404,0.5106847473280649
1224,0.5368891498437882
1226,0.5006847473280649
1227,0.5106847473280649
1230,0.5106847473280649
831,0.5106847473280649
1233,0.5368891498437882
839,0.5106847473280649
1242,0.5106847473280649
1245,0.5106847473280649
1250,0.5368891498437882
1252,0.5106847473280649
1263,0.5106847473280649
1265,0.5106847473280649
1266,0.47011142402350925
1269,0.5467780906901759
878,0.5206847473280649
1270,0.5106847473280649
448,0.5106847473280649
1273,0.5101114240235093
1290,0.5268891498437882
1291,0.5368891498437882
471,0.5368891498437882
1303,0.5045309011742188
1304,0.5106847473280649
1309,0.5106847473280649
916,0.5168891498437882
1310,0.5106847473280649
1317,0.5106847473280649
1319,0.5168891498437882
1320,0.5168891498437882
75,0.5268891498437882
81,0.5106847473280649
1337,0.5206847473280649
1340,0.5267780906901759
1348,0.5106847473280649
1359,0.4945309011742188
1365,0.5268891498437882
1370,0.5106847473280649
1372,0.5368891498437882
1377,0.5368891498437882
1382,0.5273083115204349
1015,0.5106847473280649
1397,0.5106847473280649
1398,0.5368891498437882
189,0.5106847473280649
601,0.5006847473280649
605,0.5106847473280649
1042,0.5106847473280649
1044,0.5068891498437882
1425,0.5368891498437882
1426,0.5106847473280649
1428,0.5106847473280649
1431,0.4911039090047117
1445,0.5268891498437882
1451,0.5106847473280649
1080,0.5368891498437882
1456,0.5106847473280649
1458,0.5106847473280649
1459,0.5106847473280649
1460,0.5106847473280649
1092,0.5106847473280649
1476,0.5106847473280649
1478,0.5006847473280649
1480,0.5106847473280649
1481,0.5106847473280649
1113,0.5273083115204349
1486,0.4706847473280649
1487,0.5106847473280649
1493,0.5106847473280649
1505,0.49068474732806494
1506,0.5368891498437882
1521,0.5005736881744527
1525,0.5006847473280649
1529,0.5206847473280649
1536,0.5468891498437882
1539,0.5106847473280649
1554,0.5106847473280649
1558,0.5106847473280649
764,0.5348007944015588
1563,0.5106847473280649
1574,0.5111039090047117
1201,0.5106847473280649
384,0.5106847473280649
1592,0.5106847473280649
1604,0.5106847473280649
1610,0.5106847473280649
1612,0.5045309011742188
1620,0.4973083115204349
846,0.5006847473280649
858,0.5106847473280649
1636,0.5106847473280649
1648,0.5268891498437882
28,0.5106847473280649
1280,0.4911039090047117
1665,0.5368891498437882
1667,0.5206847473280649
1675,0.5106847473280649
1680,0.5106847473280649
489,0.5206847473280649
1688,0.5106847473280649
1691,0.4911039090047117
921,0.5268891498437882
1711,0.5368891498437882
1729,0.5106847473280649
1734,0.5568891498437882
975,0.5106847473280649
1757,0.4968891498437882
1758,0.5006847473280649
1765,0.5106847473280649
1769,0.5168891498437882
1777,0.5368891498437882
161,0.5268891498437882
1785,0.5168891498437882
1029,0.5106847473280649
1416,0.5106847473280649
1801,0.5368891498437882
1805,0.5106847473280649
219,0.5106847473280649
1825,0.5106847473280649
1827,0.5106847473280649
1829,0.5106847473280649
1837,0.5106847473280649
1839,0.5106847473280649
1851,0.5106847473280649
1852,0.5006847473280649
1853,0.5106847473280649
1463,0.5106847473280649
1854,0.5106847473280649
1855,0.5106847473280649
1856,0.5045309011742188
1858,0.5373083115204349
1865,0.5106847473280649
1868,0.5106847473280649
1869,0.5106847473280649
1879,0.5206847473280649
1881,0.5006847473280649
1508,0.5106847473280649
1515,0.5468891498437882
1884,0.5106847473280649
1887,0.5106847473280649
1902,0.5068891498437882
745,0.5206847473280649
1548,0.5106847473280649
1909,0.5010186159254209
756,0.5106847473280649
1916,0.5106847473280649
1926,0.49068474732806494
1940,0.5106847473280649
1941,0.5106847473280649
1943,0.5106847473280649
806,0.5006847473280649
1951,0.5167780906901759
1610,0.5106847473280649
1961,0.5273083115204349
417,0.5045309011742188
1970,0.5106847473280649
1971,0.5368891498437882
856,0.5106847473280649
1983,0.5106847473280649
1987,0.5106847473280649
1993,0.5106847473280649
871,0.5106847473280649
2003,0.5106847473280649
873,0.5106847473280649
2007,0.5106847473280649
2018,0.5268891498437882
1297,0.5106847473280649
1303,0.5045309011742188
2030,0.5106847473280649
53,0.5106847473280649
1697,0.5106847473280649
2047,0.5106847473280649
2053,0.5106847473280649
2072,0.5368891498437882
2078,0.5005736881744527
2079,0.5301114240235093
542,0.5206847473280649
542,0.5106847473280649
1754,0.5106847473280649
131,0.5106847473280649
2094,0.5106847473280649
2102,0.5106847473280649
151,0.5106847473280649
2107,0.5173083115204349
2108,0.5268891498437882
2110,0.5106847473280649
2113,0.5368891498437882
2116,0.5106847473280649
2123,0.5106847473280649
2126,0.5106847473280649
2139,0.5106847473280649
2140,0.5568891498437882
2142,0.5106847473280649
2152,0.4905736881744527
2157,0.5268891498437882
1075,0.5106847473280649
1837,0.5106847473280649
2163,0.5115926209032391
248,0.5206847473280649
2165,0.5106847473280649
2170,0.5106847473280649
2175,0.5106847473280649
2178,0.5106847473280649
2186,0.5106847473280649
1477,0.5006847473280649
277,0.5106847473280649
2201,0.5006847473280649
2202,0.5106847473280649
1488,0.5106847473280649
2209,0.5106847473280649
2211,0.5206847473280649
2226,0.5314688858183378
2229,0.5106847473280649
2236,0.5368891498437882
1154,0.5106847473280649
2242,0.5106847473280649
2244,0.5106847473280649
2250,0.5268891498437882
2251,0.5268891498437882
766,0.5106847473280649
2264,0.5106847473280649
2266,0.5106847473280649
2271,0.5106847473280649
2278,0.5368891498437882
378,0.5006847473280649
2282,0.5106847473280649
383,0.5045309011742188
2294,0.5206847473280649
2303,0.5006847473280649
2306,0.5368891498437882
2309,0.5368891498437882
428,0.5006847473280649
1975,0.5668891498437882
5,0.5106847473280649
2321,0.5268891498437882
861,0.5106847473280649
27,0.5197746055727166
2337,0.5414688858183379
1674,0.5101114240235093
2346,0.5106847473280649
478,0.5268891498437882
1682,0.5305736881744526
2355,0.5206847473280649
2362,0.5011039090047117
2364,0.5106847473280649
2370,0.49011142402350927
2374,0.5402368697236599
517,0.5106847473280649
2381,0.5106847473280649
2386,0.5106847473280649
93,0.5368891498437882
2387,0.5106847473280649
2393,0.5268891498437882
1742,0.5106847473280649
2404,0.5106847473280649
2408,0.5268891498437882
2410,0.5106847473280649
2415,0.5106847473280649
2418,0.5106847473280649
2420,0.5206847473280649
2424,0.5168891498437882
2427,0.5106847473280649
159,0.5106847473280649
2439,0.5106847473280649
2445,0.5268891498437882
2447,0.5106847473280649
2449,0.5106847473280649
2455,0.5368891498437882
2459,0.5468891498437882
2463,0.5368891498437882
2464,0.5206847473280649
619,0.5011039090047117
2471,0.5106847473280649
635,0.5106847473280649
2485,0.49068474732806494
2486,0.5268891498437882
1447,0.5106847473280649
1070,0.5106847473280649
2495,0.5173083115204349
2496,0.5639779254420543
2497,0.5368891498437882
2505,0.5106847473280649
1852,0.5311039090047117
1463,0.5106847473280649
2514,0.5106847473280649
2211,0.5206847473280649
702,0.5006847473280649
2548,0.5106847473280649
2555,0.5106847473280649
329,0.5106847473280649
2562,0.5006847473280649
2249,0.5206847473280649
773,0.5106847473280649
2588,0.4968891498437882
2589,0.5464412722393832
2593,0.5106847473280649
1210,0.5106847473280649
2603,0.5006847473280649
2604,0.5006847473280649
809,0.5106847473280649
2618,0.5273083115204349
407,0.5006847473280649
2623,0.5106847473280649
1960,0.5106847473280649
841,0.5106847473280649
2633,0.5106847473280649
2634,0.5145309011742188
2636,0.49087485007149406
2639,0.5416770575652136
855,0.5106847473280649
2647,0.5368891498437882
4,0.4601114240235093
1634,0.5282592875699058
1249,0.5482592875699058
2650,0.5106847473280649
2651,0.5106847473280649
2656,0.5208979982196422
438,0.5268891498437882
2662,0.5206847473280649
2663,0.49068474732806494
2336,0.5006847473280649
29,0.5268891498437882
2672,0.4911039090047117
2679,0.5006847473280649
2682,0.5667780906901759
2690,0.5106847473280649
1321,0.5106847473280649
2694,0.5206847473280649
2369,0.5106847473280649
2703,0.5268891498437882
2704,0.5368891498437882
2709,0.5501448988879867
2712,0.5106847473280649
2716,0.5106847473280649
2721,0.5106847473280649
962,0.5368891498437882
2399,0.5106847473280649
2729,0.5106847473280649
2731,0.5368891498437882
548,0.5106847473280649
1376,0.5106847473280649
993,0.5106847473280649
2745,0.49068474732806494
2749,0.5106847473280649
162,0.5106847473280649
2760,0.5474989864139045
2444,0.5106847473280649
2445,0.5006847473280649
2763,0.5106847473280649
2771,0.5106847473280649
597,0.5006847473280649
2776,0.5106847473280649
2459,0.5468891498437882
2785,0.5106847473280649
637,0.5106847473280649
234,0.5106847473280649
2805,0.44053058570015596
2810,0.5006847473280649
2820,0.47703686185700994
1097,0.5268891498437882
2831,0.5167780906901759
2843,0.5171972523668226
293,0.5106847473280649
2541,0.5006847473280649
1128,0.5106847473280649
2852,0.48011142402350926
2857,0.5368891498437882
2862,0.5106847473280649
2868,0.5168891498437882
2870,0.5106847473280649
734,0.5001114240235093
2248,0.4968891498437882
2877,0.5068891498437882
2878,0.5106847473280649
2889,0.5106847473280649
2891,0.5106847473280649
1911,0.5268891498437882
2894,0.5106847473280649
2897,0.5275646648863088
1927,0.5206847473280649
2904,0.5102361440342551
1204,0.5368891498437882
809,0.5106847473280649
2919,0.5145309011742188
2922,0.5106847473280649
405,0.5106847473280649
824,0.5106847473280649
825,0.5106847473280649
1960,0.5106847473280649
1234,0.5106847473280649
1235,0.5310186159254209
2936,0.5568891498437882
842,0.5106847473280649
2948,0.4911039090047117
2950,0.5106847473280649
2959,0.5106847473280649
891,0.5106847473280649
2962,0.5106847473280649
1295,0.5106847473280649
2968,0.5006847473280649
2970,0.5106847473280649
908,0.5368891498437882
2974,0.5106847473280649
2975,0.45022248317712155
1693,0.5106847473280649
2980,0.5045309011742188
2981,0.5468891498437882
2059,0.5268891498437882
2989,0.5106847473280649
2078,0.5006847473280649
2999,0.5206847473280649
3002,0.5106847473280649
3004,0.5106847473280649
3006,0.5168891498437882
966,0.5106847473280649
538,0.5275646648863088
980,0.5106847473280649
3015,0.4606847473280649
3019,0.5268891498437882
1401,0.5106847473280649
3039,0.5368891498437882
1813,0.5206847473280649
1431,0.5006847473280649
1833,0.5268891498437882
2161,0.5106847473280649
3063,0.5506847473280649
3066,0.5045309011742188
2166,0.5106847473280649
1092,0.5106847473280649
3072,0.5106847473280649
665,0.5106847473280649
2182,0.5464412722393832
3077,0.49011142402350927
3090,0.520735303689942
2531,0.5368891498437882
3104,0.5368891498437882
3105,0.5106847473280649
2229,0.5106847473280649
3109,0.5106847473280649
3111,0.48011142402350926
1181,0.5106847473280649
3136,0.5268891498437882
1191,0.5106847473280649
3144,0.5155143913157343
2911,0.5045309011742188
1589,0.5168891498437882
3159,0.49068474732806494
403,0.5101114240235093
1224,0.5368891498437882
3163,0.5106847473280649
1615,0.5106847473280649
828,0.5106847473280649
3165,0.5106847473280649
3177,0.5368891498437882
3179,0.5368891498437882
1278,0.5506847473280649
1280,0.4911039090047117
3201,0.5168891498437882
3202,0.5368891498437882
897,0.5106847473280649
3209,0.5106847473280649
2969,0.5106847473280649
485,0.5206847473280649
3219,0.5106847473280649
3221,0.5006847473280649
496,0.5106847473280649
1695,0.5368891498437882
2050,0.5106847473280649
3234,0.5106847473280649
3245,0.5368891498437882
3246,0.5106847473280649
3247,0.5167780906901759
3249,0.5268891498437882
3258,0.5106847473280649
3259,0.5368891498437882
2086,0.5268891498437882
3265,0.5106847473280649
3271,0.5106847473280649
546,0.5206847473280649
3015,0.48068474732806493
3279,0.5106847473280649
3281,0.5106847473280649
3282,0.520735303689942
2104,0.5106847473280649
3287,0.5568891498437882
3290,0.5168891498437882
3297,0.5102463205113932
3301,0.5106847473280649
3304,0.5168891498437882
1416,0.5106847473280649
3315,0.5001114240235093
3316,0.5106847473280649
1426,0.5106847473280649
1055,0.5106847473280649
2481,0.4911039090047117
3323,0.5106847473280649
2801,0.5111039090047117
3324,0.5106847473280649
243,0.5106847473280649
653,0.5106847473280649
3341,0.5268891498437882
1856,0.5045309011742188
3344,0.5106847473280649
3345,0.5106847473280649
3351,0.5106847473280649
677,0.49068474732806494
3359,0.5106847473280649
3101,0.5268891498437882
3361,0.5068891498437882
3363,0.5006847473280649
3368,0.5106847473280649
3369,0.5106847473280649
2226,0.49441984202060646
2559,0.5268891498437882
1163,0.5001114240235093
3388,0.5101114240235093
749,0.5106847473280649
3390,0.4767780906901759
1920,0.5106847473280649
770,0.5106847473280649
3418,0.5106847473280649
791,0.5106847473280649
3428,0.5268891498437882
3433,0.5406847473280649
815,0.5106847473280649
3442,0.5106847473280649
2640,0.5310051969172821
1255,0.5145309011742188
3461,0.5106847473280649
3464,0.5106847473280649
459,0.5106847473280649
3473,0.5006847473280649
903,0.5106847473280649
3475,0.5006847473280649
906,0.5106847473280649
3484,0.5368891498437882
60,0.5006847473280649
928,0.5106847473280649
66,0.5106847473280649
78,0.5106847473280649
3509,0.5106847473280649
3512,0.5206847473280649
3516,0.5568794087791558
3517,0.5106847473280649
3519,0.5106847473280649
97,0.5468891498437882
3526,0.5106847473280649
3005,0.5006847473280649
2724,0.5206847473280649
3529,0.5106847473280649
3533,0.5168891498437882
126,0.5106847473280649
3536,0.5106847473280649
3546,0.4501114240235093
1767,0.5106847473280649
3556,0.5068891498437882
156,0.5106847473280649
1389,0.5045309011742188
1783,0.5106847473280649
1796,0.5368891498437882
3570,0.5106847473280649
3577,0.5106847473280649
3580,0.5006847473280649
3311,0.5106847473280649
3582,0.5268891498437882
3050,0.5106847473280649
3584,0.5106847473280649
1832,0.5106847473280649
3595,0.5268891498437882
3598,0.5206847473280649
1840,0.5106847473280649
3603,0.5268891498437882
254,0.5206847473280649
655,0.5774989864139044
3347,0.5106847473280649
3621,0.5106847473280649
3623,0.5599325659974592
2208,0.5106847473280649
292,0.5045309011742188
3629,0.5106847473280649
3639,0.5106847473280649
2228,0.5006847473280649
1142,0.5273083115204349
3643,0.5105736881744527
1896,0.5173083115204349
3651,0.5267780906901759
740,0.5106847473280649
3653,0.5045309011742188
3656,0.5168891498437882
3658,0.5106847473280649
3673,0.5106847473280649
3675,0.5106847473280649
3677,0.5106847473280649
2287,0.5106847473280649
3681,0.5209504666378354
402,0.5106847473280649
3685,0.5106847473280649
3688,0.5173083115204349
3694,0.5268891498437882
3696,0.5206847473280649
3698,0.5106847473280649
3705,0.5106847473280649
3715,0.5006847473280649
887,0.5106847473280649
2964,0.5106847473280649
2024,0.5106847473280649
2344,0.5168891498437882
1300,0.5106847473280649
3730,0.5011039090047117
3734,0.5106847473280649
3739,0.5106847473280649
3228,0.5106847473280649
72,0.5268891498437882
510,0.5106847473280649
3747,0.5073083115204349
1343,0.5106847473280649
530,0.5006847473280649
2998,0.5106847473280649
544,0.5106847473280649
1368,0.5106847473280649
975,0.5106847473280649
1754,0.5106847473280649
3769,0.5106847473280649
3772,0.5106847473280649
3776,0.5106847473280649
3297,0.5145309011742188
579,0.5106847473280649
172,0.5106847473280649
3792,0.537904608229085
3796,0.5106847473280649
2453,0.5368891498437882
2126,0.5106847473280649
3035,0.5168891498437882
3805,0.5106847473280649
1808,0.5173083115204349
3808,0.5106847473280649
1048,0.5268891498437882
3810,0.5168891498437882
3815,0.5106847473280649
3819,0.5368891498437882
3824,0.5006847473280649
3828,0.5106847473280649
3829,0.4501114240235093
3830,0.5106847473280649
1457,0.5106847473280649
3831,0.5106847473280649
3832,0.4968891498437882
2516,0.5106847473280649
3836,0.5306847473280649
3841,0.5206847473280649
3843,0.5206847473280649
3844,0.5268891498437882
3355,0.5106847473280649
284,0.5510051969172821
1117,0.5206847473280649
3853,0.5301114240235093
1876,0.5106847473280649
3854,0.5106847473280649
3855,0.5106847473280649
2218,0.5106847473280649
3863,0.5268891498437882
1530,0.5106847473280649
3871,0.5106847473280649
3878,0.49011142402350927
3879,0.5073083115204349
345,0.5068891498437882
3886,0.5106847473280649
3887,0.5306847473280649
1209,0.5106847473280649
3151,0.5710051969172821
3910,0.49395757786966304
3912,0.5106847473280649
3915,0.5045309011742188
3917,0.5106847473280649
3919,0.5067780906901759
3922,0.47011142402350925
3924,0.5106847473280649
3926,0.4501114240235093
3934,0.5106847473280649
3448,0.5106847473280649
1979,0.5106847473280649
859,0.5468891498437882
1983,0.5106847473280649
3708,0.5248007944015588
869,0.5106847473280649
3940,0.5268891498437882
3187,0.5106847473280649
1652,0.5106847473280649
3717,0.5368891498437882
3948,0.5106847473280649
459,0.5106847473280649
469,0.5106847473280649
40,0.5106847473280649
3952,0.5068891498437882
46,0.5106847473280649
490,0.5106847473280649
3732,0.5106847473280649
3960,0.5106847473280649
3963,0.5168891498437882
1695,0.5368891498437882
3965,0.5468891498437882
3976,0.5348007944015588
516,0.5206847473280649
3978,0.5106847473280649
3980,0.5106847473280649
3513,0.5106847473280649
3983,0.5368891498437882
2390,0.5206847473280649
2397,0.5268891498437882
1361,0.5106847473280649
3992,0.5468891498437882
3011,0.5197746055727166
2408,0.5268891498437882
2740,0.5106847473280649
4005,0.5106847473280649
3024,0.5106847473280649
4008,0.5468891498437882
572,0.5368891498437882
162,0.5106847473280649
4034,0.5368891498437882
4038,0.5106847473280649
4039,0.5168891498437882
3313,0.5106847473280649
3582,0.5368891498437882
4043,0.5568891498437882
4044,0.49068474732806494
4051,0.5368891498437882
4054,0.5206847473280649
4055,0.5106847473280649
648,0.5106847473280649
4056,0.5275415167381606
249,0.5268891498437882
1089,0.5106847473280649
4059,0.5268891498437882
260,0.4606847473280649
3345,0.5106847473280649
2825,0.5268891498437882
1103,0.5106847473280649
2827,0.5106847473280649
4076,0.5106847473280649
685,0.5106847473280649
4080,0.5106847473280649
2535,0.49395757786966304
2540,0.5106847473280649
4083,0.49764470518813203
1132,0.5106847473280649
4090,0.5106847473280649
4091,0.5006847473280649
3641,0.5106847473280649
2555,0.5106847473280649
1145,0.5106847473280649
1147,0.5213371142224374
1531,0.5368891498437882
1547,0.5368891498437882
354,0.4911039090047117
3393,0.5106847473280649
2573,0.5106847473280649
1187,0.5106847473280649
4115,0.5106847473280649
4116,0.5267780906901759
4130,0.5005736881744527
4134,0.5106847473280649
3153,0.5106847473280649
3159,0.49068474732806494
2927,0.5106847473280649
4144,0.5268891498437882
4155,0.5268891498437882
4157,0.5106847473280649
2327,0.5106847473280649
4161,0.5101114240235093
4165,0.5106847473280649
4168,0.49011142402350927
4170,0.5264001666652394
4173,0.5068891498437882
4177,0.4968891498437882
4180,0.5106847473280649
4183,0.5106847473280649
46,0.5106847473280649
3729,0.5106847473280649
487,0.5106847473280649
54,0.5106847473280649
2685,0.5106847473280649
2032,0.5101114240235093
3961,0.5201114240235093
1711,0.5368891498437882
4200,0.5106847473280649
4202,0.5368891498437882
87,0.5106847473280649
4204,0.5168891498437882
2382,0.5368891498437882
2709,0.5397651520525436
2713,0.49068474732806494
2998,0.5106847473280649
4220,0.5106847473280649
4223,0.4706847473280649
968,0.5006847473280649
3992,0.5268891498437882
1363,0.5106847473280649
2734,0.5106847473280649
2736,0.5106847473280649
4235,0.5106847473280649
4236,0.5106847473280649
560,0.5106847473280649
2429,0.5001114240235093
1388,0.5106847473280649
3558,0.5368891498437882
4249,0.5106847473280649
1779,0.5148007944015588
4252,0.5001114240235093
4254,0.49011142402350927
4255,0.5106847473280649
170,0.5106847473280649
3786,0.5106847473280649
585,0.5106847473280649
605,0.5106847473280649
4266,0.5373083115204349
4267,0.5106847473280649
2467,0.5106847473280649
1429,0.5106847473280649
218,0.5106847473280649
4280,0.5045309011742188
2803,0.5368891498437882
1077,0.5106847473280649
4288,0.5006847473280649
4291,0.5106847473280649
2508,0.5106847473280649
4060,0.5106847473280649
4297,0.5106847473280649
1495,0.5106847473280649
4308,0.5368891498437882
1883,0.5106847473280649
1135,0.5106847473280649
1140,0.5106847473280649
4317,0.5106847473280649
4321,0.5106847473280649
4323,0.5006847473280649
3876,0.5006847473280649
4327,0.5045309011742188
2245,0.5106847473280649
342,0.5210186159254209
4329,0.5106847473280649
4334,0.49949344999466405
1178,0.5106847473280649
4336,0.5106847473280649
4337,0.5106847473280649
1919,0.5006847473280649
4341,0.5068891498437882
4344,0.5106847473280649
4345,0.5106847473280649
4347,0.5106847473280649
3414,0.5206847473280649
2909,0.5106847473280649
3899,0.49068474732806494
2917,0.5268891498437882
4359,0.5106847473280649
395,0.5106847473280649
395,0.5106847473280649
4364,0.5106847473280649
408,0.5106847473280649
2928,0.5006847473280649
4371,0.5206847473280649
2314,0.5368891498437882
3456,0.5106847473280649
4383,0.5106847473280649
4387,0.5368891498437882
4389,0.5206847473280649
4390,0.5106847473280649
4394,0.5106847473280649
4401,0.5106847473280649
469,0.5106847473280649
4408,0.5106847473280649
2680,0.5106847473280649
4412,0.5780899814800542
4415,0.5293616783987636
4417,0.5208979982196422
4420,0.5068891498437882
4421,0.4968891498437882
83,0.5106847473280649
4424,0.5468891498437882
4426,0.5106847473280649
530,0.5006847473280649
4434,0.5106847473280649
3258,0.5106847473280649
4435,0.5368891498437882
119,0.5106847473280649
4437,0.5273083115204349
2730,0.5106847473280649
2405,0.5101114240235093
4442,0.5106847473280649
4445,0.5106847473280649
554,0.5106847473280649
4452,0.5106847473280649
4454,0.5168891498437882
1016,0.5106847473280649
4472,0.5206847473280649
2116,0.5106847473280649
4474,0.5006847473280649
4476,0.5101114240235093
4477,0.5206847473280649
202,0.5111039090047117
204,0.5305768130664361
4484,0.5106847473280649
3332,0.5106847473280649
4504,0.47022248317712156
1454,0.5268522543390446
2168,0.5106847473280649
656,0.5106847473280649
4512,0.5045309011742188
3072,0.5106847473280649
2825,0.5268891498437882
2523,0.5106847473280649
4519,0.5106847473280649
4520,0.5106847473280649
2544,0.5106847473280649
4533,0.5368891498437882
4536,0.5106847473280649
4537,0.5568891498437882
3118,0.5368891498437882
4113,0.5173083115204349
4558,0.5167780906901759
4559,0.5106847473280649
3671,0.5268891498437882
4561,0.5006847473280649
4563,0.5106847473280649
4352,0.5106847473280649
3149,0.5106847473280649
4569,0.5106847473280649
4573,0.5106847473280649
842,0.5106847473280649
1625,0.5106847473280649
4583,0.5306847473280649
4588,0.5068891498437882
4590,0.5205337105921395
4592,0.4968891498437882
461,0.5106847473280649
4599,0.5068891498437882
4601,0.5168891498437882
4604,0.5368891498437882
2036,0.5106847473280649
4607,0.5006847473280649
69,0.5201114240235093
71,0.5306847473280649
4611,0.49068474732806494
939,0.5106847473280649
1714,0.5106847473280649
4615,0.5006847473280649
4618,0.5106847473280649
4621,0.49011142402350927
2388,0.5106847473280649
1354,0.5568891498437882
4624,0.5368891498437882
4628,0.5168891498437882
4222,0.5106847473280649
2403,0.5106847473280649
3764,0.5006847473280649
3008,0.5206847473280649
4636,0.5268891498437882
4639,0.5367780906901759
147,0.5106847473280649
4642,0.5106847473280649
4643,0.5106847473280649
1007,0.5106847473280649
4646,0.48011142402350926
4016,0.5206847473280649
4650,0.5368891498437882
3565,0.5106847473280649
4654,0.5106847473280649
4660,0.5206847473280649
3574,0.4902224831771215
606,0.5468891498437882
4039,0.5168891498437882
3805,0.5006847473280649
1038,0.5106847473280649
625,0.5106847473280649
2791,0.5106847473280649
4668,0.5106847473280649
4049,0.5348007944015588
3814,0.5106847473280649
2799,0.5045309011742188
4671,0.5568891498437882
4676,0.5168891498437882
4680,0.5014403026724088
4681,0.5568891498437882
657,0.5106847473280649
2177,0.5106847473280649
662,0.5106847473280649
4689,0.5106847473280649
4518,0.5001114240235093
3845,0.5106847473280649
2203,0.5106847473280649
3619,0.5106847473280649
4697,0.5268891498437882
4698,0.5268891498437882
1123,0.5106847473280649
4702,0.5368891498437882
4705,0.5106847473280649
4712,0.5106847473280649
3116,0.5106847473280649
4115,0.5106847473280649
776,0.5106847473280649
1578,0.5106847473280649
789,0.5368891498437882
803,0.5106847473280649
4357,0.5106847473280649
4747,0.5168891498437882
3921,0.5206847473280649
4758,0.5412379415624183
4761,0.5145309011742188
4763,0.5373083115204349
1977,0.49068474732806494
2643,0.5106847473280649
4765,0.5106847473280649
4767,0.5106847473280649
4771,0.5268891498437882
4777,0.5268891498437882
455,0.5411039090047116
4598,0.5206847473280649
4778,0.4973083115204349
893,0.5106847473280649
1316,0.5106847473280649
923,0.5106847473280649
941,0.5106847473280649
77,0.5106847473280649
4800,0.5106847473280649
522,0.5268891498437882
2393,0.5268891498437882
543,0.5106847473280649
4442,0.5106847473280649
3275,0.5473083115204349
2739,0.5106847473280649
4004,0.5348007944015588
4827,0.5106847473280649
1387,0.5106847473280649
4839,0.5106847473280649
1800,0.5106847473280649
4660,0.5206847473280649
2464,0.5206847473280649
4847,0.5006847473280649
627,0.5106847473280649
4489,0.5006847473280649
1822,0.5106847473280649
4856,0.5474989864139045
3330,0.5568891498437882
3332,0.5106847473280649
1091,0.5106847473280649
269,0.5093385302506155
3613,0.5006847473280649
271,0.5106847473280649
4867,0.5106847473280649
1868,0.5106847473280649
3358,0.5106847473280649
1126,0.5001114240235093
698,0.5106847473280649
312,0.5206847473280649
1133,0.5106847473280649
2226,0.5213371142224374
2555,0.5106847473280649
1164,0.5106847473280649
4107,0.5106847473280649
3655,0.5106847473280649
768,0.5106847473280649
4910,0.5155144098343578
4915,0.5006847473280649
393,0.5268891498437882
4919,0.5106847473280649
1951,0.5168891498437882
4921,0.5173083115204349
4923,0.4968891498437882
812,0.5306984081851984
4926,0.5206847473280649
4927,0.5468891498437882
4935,0.5106847473280649
2637,0.5106847473280649
2940,0.5106847473280649
4940,0.4706847473280649
4157,0.5106847473280649
437,0.5006847473280649
4951,0.5468891498437882
3938,0.5106847473280649
3469,0.5106847473280649
4961,0.5045309011742188
3214,0.5006847473280649
3732,0.5106847473280649
2686,0.5045309011742188
4966,0.5106847473280649
2032,0.5001114240235093
4968,0.5368891498437882
4974,0.5106847473280649
938,0.5106847473280649
940,0.5106847473280649
516,0.5206847473280649
4984,0.5110559586443849
3760,0.5106847473280649
2079,0.5101114240235093
4991,0.5068891498437882
1368,0.5106847473280649
4002,0.5006847473280649
5002,0.5106847473280649
2753,0.5106847473280649
5008,0.5468891498437882
2445,0.4911039090047117
4653,0.5368891498437882
1790,0.5106847473280649
5022,0.4902224831771215
3577,0.5106847473280649
614,0.5173083115204349
5026,0.5106847473280649
5031,0.5272603611601082
2146,0.5106847473280649
3816,0.5206847473280649
4673,0.5106847473280649
5039,0.5106847473280649
250,0.5268891498437882
2814,0.5106847473280649
4509,0.5106847473280649
5052,0.5268891498437882
2197,0.5106847473280649
3620,0.5106847473280649
4698,0.5168891498437882
5061,0.49011142402350927
5064,0.5106847473280649
718,0.5206847473280649
5074,0.5106847473280649
5075,0.5106847473280649
3108,0.5106847473280649
4711,0.5106847473280649
5078,0.5106847473280649
2235,0.5106847473280649
5084,0.5313371142224375
5087,0.5106847473280649
1902,0.5168891498437882
5089,0.5145309011742188
5089,0.5145309011742188
5091,0.5106847473280649
3656,0.5268891498437882
1185,0.5106847473280649
5094,0.5068891498437882
5097,0.4971972523668226
780,0.5006847473280649
3141,0.5106847473280649
3673,0.5106847473280649
4344,0.5106847473280649
2912,0.5268891498437882
5106,0.4706847473280649
1212,0.5106847473280649
2296,0.5206847473280649
3440,0.5106847473280649
5112,0.5368891498437882
3921,0.5206847473280649
421,0.5106847473280649
4150,0.5106847473280649
1971,0.5368891498437882
5119,0.5106847473280649
3453,0.5106847473280649
5123,0.5368891498437882
27,0.5197746055727166
3194,0.5106847473280649
5131,0.5145309011742188
3473,0.5006847473280649
2022,0.5106847473280649
2344,0.5073083115204349
479,0.5106847473280649
5134,0.5368891498437882
2033,0.4601114240235093
1714,0.5106847473280649
5143,0.5045309011742188
5148,0.48042168674698793
5150,0.5106847473280649
5152,0.5420548850541825
959,0.5368891498437882
536,0.5106847473280649
122,0.5106847473280649
1758,0.49068474732806494
2409,0.5106847473280649
137,0.5106847473280649
4640,0.5368891498437882
4452,0.5106847473280649
4825,0.5268891498437882
3776,0.5106847473280649
4466,0.5106847473280649
5188,0.5205736881744527
5192,0.5106847473280649
4480,0.5106847473280649
5198,0.5106847473280649
5202,0.5468891498437882
207,0.5106847473280649
1439,0.5106847473280649
5207,0.5106847473280649
1828,0.5106847473280649
3823,0.5009010389003363
2496,0.5106847473280649
5210,0.5106847473280649
3610,0.49068474732806494
5222,0.5206847473280649
5224,0.5106847473280649
3626,0.5106847473280649
4875,0.5145309011742188
1503,0.5268891498437882
5236,0.5167780906901759
5241,0.5006847473280649
2217,0.5106847473280649
713,0.5710051969172821
5245,0.5106847473280649
4706,0.5106847473280649
4317,0.5106847473280649
2231,0.5106847473280649
329,0.5106847473280649
5252,0.5405305857001559
1542,0.5106847473280649
5255,0.5168891498437882
4732,0.5348007944015588
772,0.5106847473280649
2589,0.5364412722393832
1223,0.5106847473280649
826,0.5106847473280649
3919,0.5168891498437882
5280,0.5106847473280649
5286,0.5206847473280649
5290,0.5045309011742188
5291,0.5106847473280649
442,0.5106847473280649
4593,0.5368891498437882
1269,0.5468891498437882
3715,0.5006847473280649
5295,0.5206847473280649
2020,0.5106847473280649
5298,0.5106847473280649
5299,0.5106847473280649
5301,0.5106847473280649
2971,0.5068891498437882
55,0.49794281752477937
5305,0.5268891498437882
2044,0.5106847473280649
5310,0.5068891498437882
2702,0.5106847473280649
5313,0.5268891498437882
5315,0.5106847473280649
5317,0.5106847473280649
5318,0.5106847473280649
2719,0.5106847473280649
4215,0.5006847473280649
118,0.5106847473280649
3538,0.5106847473280649
5328,0.5106847473280649
4460,0.5106847473280649
5337,0.5106847473280649
4021,0.5106847473280649
5346,0.5268891498437882
2124,0.5106847473280649
5355,0.5268891498437882
5356,0.5268891498437882
4042,0.5106847473280649
3321,0.5106847473280649
5361,0.5279508099261355
5207,0.5106847473280649
2519,0.5106847473280649
4689,0.5106847473280649
5377,0.5106847473280649
2190,0.4945309011742188
5380,0.5006847473280649
5382,0.5268891498437882
2203,0.5106847473280649
3098,0.5106847473280649
2865,0.5106847473280649
4095,0.5168891498437882
5391,0.49947030184651586
2869,0.5001114240235093
1536,0.5368891498437882
4540,0.5468891498437882
4329,0.5106847473280649
3881,0.5106847473280649
1552,0.5206847473280649
5403,0.4968891498437882
3892,0.4754923764044616
4342,0.5006847473280649
3421,0.5106847473280649
5413,0.5206847473280649
5415,0.5106847473280649
1622,0.5006847473280649
1254,0.5106847473280649
5432,0.4911039090047117
10,0.5367780906901759
1263,0.5106847473280649
5435,0.4968891498437882
5436,0.5106847473280649
2661,0.5368891498437882
894,0.5406847473280649
35,0.5106847473280649
5441,0.5076447051881321
5443,0.5006847473280649
3484,0.5368891498437882
1679,0.5106847473280649
5450,0.5675646648863089
5455,0.5312945838981812
4969,0.5106847473280649
4420,0.5268891498437882
4421,0.5152495173496603
5466,0.5075646648863088
5467,0.5368891498437882
525,0.5106847473280649
5473,0.5506847473280649
529,0.5106847473280649
5476,0.5106847473280649
4625,0.5106847473280649
1359,0.5045309011742188
5477,0.5368891498437882
1743,0.5271972523668226
1744,0.5106847473280649
5478,0.5368891498437882
4225,0.5106847473280649
5483,0.5368891498437882
984,0.5348007944015588
5485,0.5106847473280649
990,0.5106847473280649
149,0.5106847473280649
4454,0.5368891498437882
5488,0.47011142402350925
2752,0.5106847473280649
571,0.5106847473280649
3293,0.5106847473280649
2764,0.5106847473280649
5493,0.540954640555405
3300,0.5206847473280649
590,0.5106847473280649
1039,0.5106847473280649
203,0.5106847473280649
5205,0.5106847473280649
5507,0.5368891498437882
220,0.5106847473280649
1435,0.5106847473280649
227,0.5368891498437882
5037,0.5272230184411442
5510,0.5106847473280649
1068,0.5106847473280649
5514,0.5106847473280649
4676,0.5068891498437882
650,0.5106847473280649
4858,0.5106847473280649
2511,0.5368891498437882
5520,0.5368891498437882
5521,0.5368891498437882
5523,0.5106847473280649
3617,0.5106847473280649
681,0.5368891498437882
5531,0.5090893494655635
5054,0.5106847473280649
5230,0.5106847473280649
5537,0.5248007944015588
5538,0.5268891498437882
305,0.5106847473280649
5545,0.5206847473280649
5546,0.5267780906901759
2235,0.5106847473280649
3653,0.5045309011742188
5560,0.4911039090047117
4338,0.5106847473280649
1921,0.5106847473280649
784,0.5106847473280649
3895,0.5101114240235093
1239,0.5106847473280649
5581,0.5206847473280649
4171,0.5106847473280649
5295,0.5206847473280649
5587,0.5268891498437882
5592,0.5368891498437882
5593,0.5045309011742188
487,0.5106847473280649
3494,0.5106847473280649
64,0.5106847473280649
5606,0.5106847473280649
3514,0.5106847473280649
1728,0.5105736881744527
5608,0.5668891498437882
2076,0.5106847473280649
5620,0.5106847473280649
2400,0.5045309011742188
123,0.5106847473280649
5327,0.5367780906901759
5628,0.5268891498437882
5631,0.5168891498437882
4640,0.5368891498437882
5179,0.5106847473280649
5635,0.5671590430711283
5638,0.5068891498437882
174,0.5106847473280649
5650,0.5167780906901759
5651,0.5045309011742188
1033,0.5106847473280649
2777,0.5111039090047117
198,0.5368891498437882
5652,0.5106847473280649
2780,0.5045309011742188
1423,0.5106847473280649
628,0.5368891498437882
3322,0.5568891498437882
1826,0.5206847473280649
1061,0.5168891498437882
5663,0.5068891498437882
4285,0.5045309011742188
3329,0.5505305857001559
3330,0.5668891498437882
5665,0.5268891498437882
5668,0.49011142402350927
1456,0.5106847473280649
5671,0.5106847473280649
255,0.5106847473280649
3073,0.5405768130664361
5677,0.5368891498437882
5678,0.5275646648863088
5685,0.5348007944015588
679,0.5106847473280649
5691,0.5402694686595413
2535,0.5445309011742188
5692,0.5010186159254209
1507,0.5106847473280649
5698,0.5045309011742188
5701,0.5206847473280649
1525,0.5106847473280649
5077,0.5168891498437882
1526,0.5106847473280649
5707,0.5206847473280649
1553,0.5206847473280649
5719,0.5106847473280649
5561,0.5368891498437882
5722,0.5106847473280649
2898,0.5106847473280649
3664,0.5368891498437882
4911,0.5106847473280649
3138,0.500735303689942
4562,0.5168891498437882
4128,0.5368891498437882
3147,0.5268891498437882
1584,0.5106847473280649
1585,0.5206847473280649
5730,0.5168891498437882
1219,0.49068474732806494
2623,0.5106847473280649
827,0.4893616783987636
419,0.5268891498437882
5739,0.5106847473280649
5740,0.5106847473280649
5742,0.5268891498437882
1998,0.5006847473280649
5294,0.5106847473280649
5298,0.5106847473280649
2672,0.4911039090047117
3481,0.5268891498437882
5761,0.5316682374695805
5763,0.5268891498437882
5764,0.48011142402350926
4984,0.5475646648863088
3515,0.5206847473280649
4211,0.5206847473280649
4623,0.5106847473280649
5771,0.5106847473280649
1371,0.5268891498437882
2102,0.5106847473280649
998,0.5106847473280649
2754,0.5011039090047117
3780,0.5106847473280649
2758,0.5206847473280649
1410,0.5106847473280649
4028,0.5106847473280649
192,0.4845309011742188
5791,0.5368891498437882
4844,0.5106847473280649
611,0.5206847473280649
5793,0.4601114240235093
5798,0.5368891498437882
5803,0.5006847473280649
638,0.5106847473280649
638,0.5106847473280649
2482,0.5106847473280649
5810,0.5168891498437882
2498,0.5206847473280649
5814,0.5106847473280649
4060,0.5106847473280649
5822,0.5104938976905417
4070,0.5106847473280649
680,0.5106847473280649
2848,0.5006847473280649
698,0.5106847473280649
5237,0.5106847473280649
2857,0.5368891498437882
3639,0.5106847473280649
4881,0.5106847473280649
2227,0.5419325642460153
2241,0.5106847473280649
4718,0.5106847473280649
1541,0.5106847473280649
5842,0.49007096802560646
5844,0.48068474732806493
2881,0.5206847473280649
2252,0.5106847473280649
5716,0.5106847473280649
5264,0.5468891498437882
3131,0.5106847473280649
5853,0.5006847473280649
1193,0.5106847473280649
3894,0.5106847473280649
5862,0.5106847473280649
4570,0.5206847473280649
5866,0.5306847473280649
5870,0.5306847473280649
5871,0.49011142402350927
5872,0.5168891498437882
847,0.5206847473280649
1248,0.5564644203875314
5881,0.5106847473280649
1268,0.5106847473280649
1276,0.5106847473280649
472,0.5206847473280649
915,0.5106847473280649
56,0.5106847473280649
1708,0.5045309011742188
5901,0.5368891498437882
5902,0.5268891498437882
2382,0.5368891498437882
3245,0.5368891498437882
3249,0.5168891498437882
2400,0.5503686413195603
5914,0.5368891498437882
990,0.5106847473280649
140,0.5206847473280649
558,0.5106847473280649
561,0.5145309011742188
5922,0.5168891498437882
3025,0.5106847473280649
5927,0.5106847473280649
5928,0.5368891498437882
592,0.5106847473280649
5193,0.5106847473280649
5195,0.5206847473280649
4478,0.5106847473280649
5934,0.5371285895642077
5936,0.5206847473280649
3313,0.5106847473280649
1817,0.5113371142224374
2497,0.5368891498437882
1087,0.5106847473280649
5954,0.5106847473280649
3832,0.5068891498437882
263,0.5106847473280649
5956,0.5268891498437882
2522,0.5106847473280649
283,0.5106847473280649
1120,0.5106847473280649
1872,0.5106847473280649
5970,0.5468891498437882
298,0.5106847473280649
5829,0.5106847473280649
5980,0.5106847473280649
2868,0.5168891498437882
3647,0.5106847473280649
5706,0.5106847473280649
5984,0.5106847473280649
4543,0.5106847473280649
3388,0.5268891498437882
5988,0.5168891498437882
2255,0.5101114240235093
765,0.5068891498437882
4554,0.5106847473280649
4348,0.5106847473280649
3415,0.5120031579735865
2590,0.5106847473280649
3432,0.5106847473280649
825,0.5106847473280649
3936,0.4968891498437882
3452,0.5106847473280649
5580,0.5106847473280649
6012,0.5106847473280649
4596,0.5106847473280649
892,0.5206847473280649
3471,0.5106847473280649
4180,0.5106847473280649
4797,0.5368891498437882
2697,0.5106847473280649
509,0.5106847473280649
5148,0.5114403026724088
4984,0.5275646648863088
4209,0.4911039090047117
5769,0.5106847473280649
5622,0.5106847473280649
1745,0.5106847473280649
4220,0.5206847473280649
538,0.5275646648863088
3997,0.5106847473280649
2404,0.5106847473280649
979,0.5206847473280649
6048,0.5473083115204349
2750,0.5106847473280649
6056,0.5006847473280649
1013,0.5268891498437882
1402,0.5106847473280649
1788,0.5106847473280649
5018,0.5106847473280649
4839,0.5106847473280649
601,0.5106847473280649
2776,0.5106847473280649
4267,0.5106847473280649
1430,0.49068474732806494
4277,0.47011142402350925
6071,0.5106847473280649
641,0.5106847473280649
3604,0.5106847473280649
665,0.5106847473280649
6080,0.5106847473280649
6081,0.5088467730588965
5052,0.5268891498437882
6083,0.48011142402350926
4526,0.5106847473280649
2213,0.5106847473280649
2545,0.5011039090047117
4087,0.5106847473280649
715,0.5106847473280649
6091,0.5106847473280649
2553,0.5106847473280649
4316,0.5168891498437882
326,0.48053058570015594
5848,0.5106847473280649
6105,0.5560283450654303
1193,0.5106847473280649
3675,0.5106847473280649
6111,0.5106847473280649
6113,0.5201114240235093
5425,0.5106847473280649
6115,0.5106847473280649
2304,0.5106847473280649
1233,0.5368891498437882
6117,0.5368891498437882
3707,0.5106847473280649
6121,0.5106847473280649
3468,0.5168891498437882
457,0.5168891498437882
463,0.5106847473280649
6125,0.5106847473280649
4601,0.5268891498437882
2345,0.5106847473280649
905,0.5106847473280649
3955,0.5106847473280649
1685,0.5510283450654303
6131,0.5106847473280649
4790,0.5106847473280649
2357,0.5045309011742188
2035,0.5106847473280649
3739,0.5106847473280649
6135,0.5106847473280649
2049,0.5106847473280649
1329,0.5106847473280649
1718,0.5106847473280649
2699,0.5106847473280649
5467,0.5268891498437882
3241,0.5106847473280649
6140,0.5267780906901759
1356,0.5106847473280649
960,0.5106847473280649
2401,0.5106847473280649
3266,0.5368891498437882
971,0.5106847473280649
6143,0.5106847473280649
5165,0.5106847473280649
1762,0.5206847473280649
6149,0.5106847473280649
2426,0.5145309011742188
1002,0.49068474732806494
3289,0.5106847473280649
4030,0.5368891498437882
4480,0.5106847473280649
612,0.5106847473280649
6164,0.5006847473280649
1036,0.5106847473280649
4278,0.5268891498437882
1059,0.5106847473280649
1440,0.5368891498437882
1065,0.5268891498437882
3593,0.5106847473280649
6171,0.5045309011742188
3066,0.5045309011742188
4681,0.5568891498437882
2167,0.49395757786966304
5043,0.5206847473280649
1854,0.5106847473280649
5818,0.5106847473280649
5216,0.5306847473280649
3072,0.5205736881744527
6179,0.5106847473280649
667,0.5106847473280649
5820,0.5106847473280649
268,0.5106847473280649
3613,0.5006847473280649
1105,0.5106847473280649
1115,0.5106847473280649
694,0.5268891498437882
1507,0.5306847473280649
5238,0.5468891498437882
6187,0.5468891498437882
6191,0.5106847473280649
2877,0.47057368817445266
3389,0.5011039090047117
2571,0.5106847473280649
3129,0.5106847473280649
3412,0.4911039090047117
4350,0.4847576919272622
6209,0.5106847473280649
804,0.5106847473280649
2606,0.5106847473280649
3439,0.4968891498437882
4371,0.5206847473280649
6215,0.5173083115204349
6216,0.509959908871994
6218,0.5106847473280649
1245,0.49011142402350927
3700,0.5106847473280649
5120,0.5168891498437882
444,0.5045309011742188
2007,0.5106847473280649
1275,0.5106847473280649
6230,0.5106847473280649
889,0.5468891498437882
2020,0.5106847473280649
1294,0.5106847473280649
3476,0.5106847473280649
5446,0.5268891498437882
6236,0.5368891498437882
931,0.5368891498437882
6240,0.5111039090047117
5315,0.5106847473280649
527,0.5106847473280649
6256,0.5106847473280649
2734,0.5106847473280649
6266,0.5368891498437882
6267,0.5206847473280649
1795,0.5168891498437882
4474,0.5006847473280649
3036,0.5106847473280649
3579,0.5106847473280649
5356,0.5368891498437882
6278,0.5106847473280649
2787,0.5468891498437882
6281,0.5168891498437882
1812,0.5106847473280649
5507,0.5368891498437882
634,0.5748618763399855
4669,0.5106847473280649
1066,0.5106847473280649
3827,0.5068891498437882
4502,0.5268891498437882
5813,0.5106847473280649
6287,0.5368891498437882
6288,0.5106847473280649
6289,0.5213602623705856
655,0.5774989864139044
4861,0.5106847473280649
670,0.5106847473280649
6292,0.5106847473280649
4516,0.5001114240235093
294,0.5306847473280649
6299,0.5106847473280649
5536,0.5068891498437882
1132,0.5106847473280649
712,0.5406847473280649
714,0.5502694686595413
6302,0.4911039090047117
4092,0.5214403026724088
6308,0.5405736881744526
1533,0.520735303689942
6310,0.5111039090047117
6311,0.5106847473280649
1544,0.5106847473280649
3386,0.5106847473280649
6314,0.5106847473280649
6315,0.5106847473280649
361,0.5106847473280649
4116,0.5368891498437882
4117,0.5106847473280649
4560,0.5106847473280649
6316,0.5568891498437882
6319,0.5106847473280649
6320,0.5168891498437882
4915,0.5006847473280649
4746,0.5106847473280649
2292,0.5403686413195604
5572,0.5306847473280649
1960,0.5106847473280649
1239,0.5106847473280649
6338,0.5771590430711283
5289,0.5268891498437882
4161,0.5205736881744527
6230,0.5106847473280649
30,0.5045309011742188
4779,0.5106847473280649
5753,0.5510051969172821
40,0.5106847473280649
44,0.5106847473280649
2351,0.5106847473280649
2682,0.5101114240235093
2688,0.5006847473280649
2979,0.5173083115204349
6239,0.5106847473280649
3501,0.5106847473280649
6350,0.5106847473280649
3230,0.5106847473280649
76,0.5368891498437882
2374,0.5097746055727166
6351,0.5106847473280649
5312,0.5313371142224375
5149,0.5106847473280649
6352,0.5268891498437882
90,0.5106847473280649
2389,0.5106847473280649
101,0.5106847473280649
3001,0.4945309011742188
4222,0.5106847473280649
6371,0.49011142402350927
6372,0.5473083115204349
594,0.5106847473280649
5351,0.4968891498437882
4036,0.5368891498437882
1805,0.5106847473280649
4665,0.5106847473280649
1047,0.5106847473280649
6380,0.5106847473280649
219,0.5106847473280649
6387,0.5206847473280649
3599,0.5368891498437882
2824,0.5106847473280649
4688,0.5106847473280649
6396,0.5301114240235093
5225,0.5368891498437882
3355,0.5106847473280649
281,0.5106847473280649
2211,0.5206847473280649
1153,0.5106847473280649
2886,0.520735303689942
6420,0.5113371142224374
363,0.5106847473280649
6424,0.5368891498437882
1932,0.5168891498437882
1569,0.5106847473280649
4566,0.5106847473280649
6428,0.5201114240235093
4572,0.5472230184411441
1244,0.5106847473280649
2645,0.5268891498437882
1249,0.5471590430711283
3452,0.5106847473280649
1252,0.5106847473280649
3706,0.5571590430711283
1995,0.5268891498437882
2658,0.5268891498437882
5436,0.5106847473280649
6449,0.5267780906901759
6450,0.5368891498437882
6451,0.5068891498437882
6452,0.49941680133991234
3493,0.5068891498437882
1311,0.5468891498437882
3221,0.5006847473280649
5599,0.5106847473280649
4610,0.5368891498437882
4614,0.5106847473280649
1344,0.5006847473280649
3758,0.5106847473280649
3006,0.5268891498437882
4226,0.5206847473280649
971,0.49068474732806494
123,0.5106847473280649
1369,0.5106847473280649
6470,0.5413451402600582
4639,0.4501114240235093
5777,0.5268891498437882
560,0.5106847473280649
3284,0.5106847473280649
6480,0.5368891498437882
6482,0.5368891498437882
1007,0.5106847473280649
3290,0.5268891498437882
2762,0.5368891498437882
4259,0.5106847473280649
6483,0.5568891498437882
6486,0.5410051969172821
6486,0.5203255388452637
186,0.5068891498437882
614,0.5073083115204349
6490,0.5368891498437882
1422,0.5106847473280649
6494,0.5106847473280649
6495,0.5306847473280649
6379,0.5045309011742188
1812,0.5106847473280649
6504,0.5106847473280649
6505,0.5006847473280649
2487,0.5106847473280649
5665,0.5268891498437882
242,0.5068891498437882
4290,0.5106847473280649
1083,0.5106847473280649
2813,0.5106847473280649
2507,0.5106847473280649
6519,0.5206847473280649
4519,0.5106847473280649
3845,0.5106847473280649
3620,0.5106847473280649
2538,0.5106847473280649
4876,0.5206847473280649
6528,0.5106847473280649
4311,0.5468891498437882
2549,0.5206847473280649
2228,0.5006847473280649
6543,0.5168891498437882
1900,0.5206847473280649
2879,0.5106847473280649
5552,0.5106847473280649
4335,0.5268891498437882
772,0.5106847473280649
1562,0.5106847473280649
4558,0.5167780906901759
3141,0.5106847473280649
2280,0.5106847473280649
3901,0.5106847473280649
1948,0.5106847473280649
6557,0.5106847473280649
5735,0.5106847473280649
4153,0.5106847473280649
4378,0.5106847473280649
1657,0.5045309011742188
6575,0.5106847473280649
6576,0.5173083115204349
47,0.5268891498437882
918,0.5106847473280649
1312,0.5106847473280649
6585,0.5368891498437882
3973,0.5106847473280649
2379,0.5106847473280649
5316,0.5106847473280649
3245,0.5368891498437882
6592,0.5468891498437882
6593,0.5106847473280649
3276,0.5106847473280649
4005,0.5106847473280649
1376,0.5106847473280649
4827,0.5106847473280649
4463,0.5106847473280649
4468,0.5106847473280649
585,0.5006847473280649
1411,0.5106847473280649
4841,0.5006847473280649
2131,0.5106847473280649
6498,0.5168891498437882
6610,0.5368891498437882
4052,0.5106847473280649
5660,0.5106847473280649
1068,0.5106847473280649
4054,0.5206847473280649
237,0.5106847473280649
3825,0.5106847473280649
4502,0.5268891498437882
1455,0.5106847473280649
6618,0.5190584543829312
3080,0.5106847473280649
6626,0.5168891498437882
4522,0.5106847473280649
6629,0.5206847473280649
6630,0.5268891498437882
2862,0.5106847473280649
6096,0.5106847473280649
6640,0.5268891498437882
769,0.5468891498437882
6645,0.5106847473280649
5411,0.5168891498437882
1210,0.5106847473280649
2290,0.5106847473280649
3154,0.5106847473280649
6651,0.5001114240235093
1613,0.5106847473280649
1613,0.5106847473280649
6653,0.5106847473280649
861,0.5106847473280649
6657,0.5106847473280649
4162,0.5111039090047117
22,0.5473083115204349
3722,0.4911039090047117
3211,0.5268891498437882
472,0.5206847473280649
3476,0.5106847473280649
6668,0.5268891498437882
5597,0.5106847473280649
1327,0.5011039090047117
508,0.5011039090047117
6671,0.5106847473280649
4798,0.5106847473280649
2985,0.5106847473280649
6673,0.5368891498437882
4622,0.5106847473280649
5613,0.5106847473280649
6678,0.49011142402350927
6252,0.5106847473280649
3008,0.5206847473280649
6472,0.5368891498437882
6474,0.5268891498437882
3549,0.5571590430711283
5004,0.5206847473280649
5632,0.5106847473280649
5175,0.5297977537208647
4642,0.5106847473280649
569,0.47688914984378816
3300,0.5206847473280649
174,0.5106847473280649
4029,0.5106847473280649
6702,0.5068891498437882
6161,0.5106847473280649
2135,0.5106847473280649
623,0.5268891498437882
5359,0.5106847473280649
2146,0.5106847473280649
4279,0.5106847473280649
4280,0.5045309011742188
6709,0.5317464074104122
3323,0.5106847473280649
4057,0.5106847473280649
3605,0.5145309011742188
4508,0.5106847473280649
6714,0.5372230184411442
6715,0.5206847473280649
267,0.5106847473280649
1881,0.5011039090047117
6725,0.5268891498437882
6727,0.5267780906901759
3110,0.5001114240235093
6730,0.5282592875699058
3645,0.5106847473280649
6732,0.5268891498437882
1908,0.5106847473280649
354,0.4911039090047117
4734,0.5106847473280649
1561,0.5268891498437882
4115,0.5106847473280649
1931,0.5106847473280649
6745,0.5104923764044617
3899,0.5006847473280649
3901,0.5106847473280649
793,0.4971972523668226
6749,0.5106847473280649
5735,0.5106847473280649
2305,0.5111039090047117
2639,0.5514688858183379
1979,0.5106847473280649
1980,0.5106847473280649
2944,0.5106847473280649
9,0.5268891498437882
3185,0.5106847473280649
4598,0.5206847473280649
4958,0.5005736881744527
1285,0.5106847473280649
4404,0.5168891498437882
6760,0.5468891498437882
6577,0.5468891498437882
6764,0.6113960457213469
52,0.5106847473280649
3958,0.5106847473280649
5759,0.5106847473280649
2687,0.5106847473280649
1695,0.5368891498437882
1696,0.5206847473280649
62,0.5368891498437882
4796,0.5106847473280649
4981,0.5068891498437882
87,0.5106847473280649
2385,0.5045309011742188
1727,0.5106847473280649
2072,0.5168891498437882
2727,0.5106847473280649
1750,0.5011039090047117
6597,0.5368891498437882
3541,0.5106847473280649
6773,0.4968891498437882
139,0.5106847473280649
6050,0.5268891498437882
5005,0.5206847473280649
3292,0.4501114240235093
5184,0.530735303689942
2113,0.5368891498437882
6157,0.5311039090047117
6700,0.5073083115204349
1796,0.5368891498437882
5351,0.5168891498437882
6780,0.5380363798249854
600,0.5106847473280649
3800,0.5268891498437882
2466,0.5106847473280649
2784,0.5106847473280649
4485,0.5106847473280649
625,0.5106847473280649
5656,0.5206847473280649
3316,0.5106847473280649
2145,0.5106847473280649
6792,0.5106847473280649
638,0.5106847473280649
5807,0.5112945838981812
4282,0.5106847473280649
3595,0.5468891498437882
650,0.5106847473280649
4506,0.5568891498437882
6806,0.5068891498437882
5821,0.5101114240235093
1487,0.5106847473280649
2202,0.5106847473280649
1870,0.5106847473280649
1870,0.5106847473280649
6190,0.5306847473280649
4533,0.5368891498437882
4534,0.5106847473280649
3119,0.5106847473280649
744,0.5268891498437882
6200,0.5106847473280649
344,0.5106847473280649
6823,0.5068891498437882
4898,0.5106847473280649
2574,0.5106847473280649
5263,0.5106847473280649
6826,0.46022248317712156
5563,0.5106847473280649
6828,0.5168891498437882
1946,0.5106847473280649
381,0.48688914984378817
2291,0.5206847473280649
807,0.5106847473280649
2300,0.5106847473280649
835,0.5106847473280649
5872,0.5268891498437882
6838,0.5568891498437882
2,0.5106847473280649
2949,0.5106847473280649
2663,0.5006847473280649
6847,0.5368891498437882
3194,0.5106847473280649
1292,0.5568891498437882
52,0.5106847473280649
6858,0.5206847473280649
522,0.5368891498437882
6246,0.5006847473280649
3536,0.5106847473280649
1370,0.5106847473280649
3544,0.5106847473280649
996,0.5045309011742188
5634,0.5106847473280649
4467,0.5368891498437882
2128,0.5106847473280649
2775,0.5106847473280649
6877,0.5294703018465159
199,0.5106847473280649
2778,0.5168891498437882
2475,0.5106847473280649
1819,0.5106847473280649
6882,0.5168891498437882
4055,0.5011039090047117
6883,0.5368891498437882
3828,0.5106847473280649
4288,0.4911039090047117
2170,0.5106847473280649
254,0.5206847473280649
6886,0.49068474732806494
6390,0.5368891498437882
3610,0.5106847473280649
2189,0.5106847473280649
274,0.5106847473280649
2193,0.5106847473280649
6890,0.5368891498437882
6891,0.5268891498437882
6897,0.5268891498437882
6725,0.5368891498437882
306,0.5106847473280649
1523,0.5106847473280649
3371,0.48011142402350926
1528,0.5106847473280649
1151,0.5106847473280649
6196,0.5106847473280649
5986,0.5368891498437882
5400,0.5106847473280649
2888,0.5106847473280649
3393,0.5106847473280649
1917,0.5368891498437882
5095,0.5106847473280649
2265,0.5368891498437882
4915,0.5006847473280649
2595,0.5106847473280649
1212,0.5106847473280649
3151,0.5710051969172821
4917,0.5268891498437882
6925,0.5006847473280649
1597,0.5106847473280649
3162,0.5106847473280649
2930,0.5106847473280649
5739,0.5106847473280649
5740,0.5106847473280649
2645,0.5268891498437882
874,0.49011142402350927
2336,0.4968891498437882
4784,0.5106847473280649
3211,0.5268891498437882
3214,0.5106847473280649
2356,0.5106847473280649
917,0.5310186159254209
54,0.5106847473280649
1693,0.5106847473280649
2980,0.5045309011742188
1329,0.5106847473280649
2377,0.48688914984378817
6958,0.4968891498437882
2073,0.5106847473280649
6959,0.5106847473280649
5770,0.5101114240235093
3762,0.5106847473280649
3766,0.5268891498437882
6963,0.5101114240235093
3281,0.5106847473280649
147,0.5106847473280649
5333,0.5302368697236599
6966,0.5001114240235093
6696,0.5368891498437882
4254,0.4501114240235093
6973,0.5368891498437882
6973,0.5368891498437882
5352,0.5106847473280649
6976,0.5273083115204349
6979,0.49068474732806494
631,0.5368891498437882
2152,0.5006847473280649
2483,0.5106847473280649
6070,0.5106847473280649
1066,0.5106847473280649
6388,0.5106847473280649
247,0.5106847473280649
2499,0.5106847473280649
6990,0.5710051969172821
2819,0.5368891498437882
3840,0.5106847473280649
6996,0.5106847473280649
682,0.5106847473280649
7002,0.5106847473280649
4705,0.5106847473280649
314,0.5106847473280649
7003,0.5568891498437882
2232,0.5006847473280649
3117,0.5106847473280649
5721,0.48688914984378817
3399,0.5106847473280649
6423,0.49354038024217284
2611,0.5468891498437882
2622,0.4968891498437882
4924,0.5106847473280649
1965,0.5106847473280649
7022,0.5006847473280649
3443,0.5106847473280649
3695,0.5106847473280649
4152,0.5106847473280649
1240,0.5045309011742188
6,0.5106847473280649
6657,0.5106847473280649
1256,0.5106847473280649
7025,0.5368891498437882
1273,0.5106847473280649
6847,0.5268891498437882
2970,0.5106847473280649
1685,0.5510283450654303
7033,0.5073083115204349
7034,0.5268891498437882
1335,0.5106847473280649
3970,0.5045309011742188
2061,0.5206847473280649
2064,0.46978084007541027
3977,0.5206847473280649
3980,0.5106847473280649
6592,0.5468891498437882
106,0.5106847473280649
3525,0.5106847473280649
6141,0.5268891498437882
4219,0.5106847473280649
121,0.5106847473280649
545,0.5106847473280649
976,0.5106847473280649
4995,0.5145309011742188
7056,0.5467780906901759
4464,0.5006847473280649
7059,0.5294703018465159
3561,0.5248007944015588
6152,0.5045309011742188
578,0.5106847473280649
7060,0.5120507111366129
4838,0.5106847473280649
2128,0.5106847473280649
4034,0.5368891498437882
7062,0.5073083115204349
5792,0.49068474732806494
7064,0.5373083115204349
220,0.5106847473280649
7069,0.5106847473280649
1835,0.5106847473280649
7071,0.5068891498437882
3602,0.5106847473280649
655,0.5579181480905512
6802,0.5106847473280649
5215,0.5106847473280649
1095,0.5106847473280649
663,0.5106847473280649
6079,0.5106847473280649
5379,0.5106847473280649
3086,0.5006847473280649
5053,0.5106847473280649
6809,0.5106847473280649
2223,0.5368891498437882
5546,0.5168891498437882
7088,0.5368891498437882
339,0.5106847473280649
744,0.5268891498437882
2880,0.537904608229085
7093,0.5201114240235093
362,0.5106847473280649
4738,0.5106847473280649
3667,0.5106847473280649
1924,0.5106847473280649
7099,0.5273083115204349
1563,0.5106847473280649
2273,0.5106847473280649
376,0.5106847473280649
3897,0.5106847473280649
3900,0.5106847473280649
1204,0.5368891498437882
2286,0.46022248317712156
805,0.5268891498437882
7111,0.5101114240235093
3694,0.5268891498437882
6336,0.5571590430711283
7117,0.5106847473280649
7119,0.5268891498437882
3451,0.5106847473280649
1997,0.5106847473280649
18,0.5663392559400203
1276,0.5106847473280649
7121,0.5006847473280649
3955,0.5106847473280649
2035,0.5106847473280649
1696,0.5206847473280649
7130,0.49068474732806494
6136,0.5106847473280649
7131,0.5368891498437882
942,0.5368891498437882
512,0.5106847473280649
5604,0.5101114240235093
7133,0.5368891498437882
3978,0.5106847473280649
956,0.5106847473280649
2082,0.5106847473280649
7136,0.5106847473280649
1359,0.4945309011742188
2728,0.5045309011742188
3273,0.5106847473280649
5325,0.5205736881744527
4812,0.5206847473280649
3283,0.5106847473280649
4009,0.5106847473280649
2433,0.5106847473280649
7149,0.5293616783987636
3574,0.5204923764044617
2471,0.5106847473280649
7153,0.5106847473280649
7154,0.5106847473280649
6791,0.4967780906901759
2482,0.5106847473280649
1444,0.5106847473280649
3820,0.5106847473280649
7161,0.5106847473280649
7163,0.5245309011742187
244,0.5106847473280649
6287,0.5368891498437882
7072,0.5106847473280649
7178,0.5268891498437882
5242,0.5368891498437882
3863,0.5068891498437882
3109,0.5106847473280649
2238,0.4968891498437882
1532,0.5106847473280649
2565,0.5106847473280649
1166,0.5106847473280649
7194,0.5106847473280649
2884,0.5106847473280649
3389,0.5106847473280649
2568,0.5106847473280649
5847,0.5106847473280649
5259,0.5368891498437882
754,0.535140737744335
782,0.5368891498437882
3674,0.5106847473280649
7197,0.5268891498437882
1940,0.5106847473280649
3897,0.5106847473280649
4128,0.5368891498437882
5107,0.5106847473280649
1608,0.5106847473280649
2622,0.5168891498437882
7205,0.5106847473280649
5424,0.5468891498437882
7206,0.5001114240235093
3443,0.5106847473280649
5873,0.5106847473280649
6217,0.5368891498437882
2644,0.5106847473280649
7212,0.5073083115204349
864,0.5173083115204349
445,0.5106847473280649
4167,0.5168891498437882
7218,0.5001114240235093
5294,0.5106847473280649
4174,0.49068474732806494
6016,0.5106847473280649
7224,0.5464644203875314
56,0.5006847473280649
2040,0.5503686413195603
6765,0.5106847473280649
3228,0.5011039090047117
7227,0.5368891498437882
3251,0.5106847473280649
532,0.5106847473280649
533,0.5006847473280649
5156,0.5268891498437882
5619,0.5106847473280649
2399,0.5106847473280649
1361,0.5106847473280649
7237,0.5168891498437882
5166,0.5106847473280649
7239,0.5268891498437882
3018,0.4945309011742188
1380,0.5106847473280649
7243,0.5610283450654303
4455,0.5348007944015588
2424,0.5168891498437882
7244,0.5106847473280649
1388,0.5106847473280649
578,0.5106847473280649
4019,0.5472230184411441
5342,0.5206847473280649
7247,0.5268891498437882
5649,0.5368891498437882
5190,0.5106847473280649
5200,0.4773083115204349
1037,0.49068474732806494
5938,0.5106847473280649
4486,0.5106847473280649
5505,0.5106847473280649
4488,0.5106847473280649
4279,0.5106847473280649
4280,0.5045309011742188
2484,0.5106847473280649
7258,0.5368891498437882
7261,0.5168891498437882
247,0.5106847473280649
6389,0.5106847473280649
1084,0.5106847473280649
5670,0.5006847473280649
7265,0.5464412722393832
7266,0.5106847473280649
7267,0.5472230184411441
2821,0.5006847473280649
4062,0.4911039090047117
3350,0.5206847473280649
5529,0.5568891498437882
7272,0.5268891498437882
2840,0.5106847473280649
2208,0.5106847473280649
7276,0.5268891498437882
2215,0.5101114240235093
716,0.5106847473280649
7185,0.5510051969172821
327,0.5106847473280649
1534,0.5106847473280649
2246,0.5368891498437882
7193,0.5168891498437882
7286,0.5001114240235093
7287,0.5106847473280649
4891,0.5106847473280649
3123,0.5206847473280649
1929,0.5106847473280649
4344,0.5106847473280649
369,0.5106847473280649
6207,0.5275646648863088
7102,0.5106847473280649
1213,0.5368891498437882
7306,0.5106847473280649
3163,0.5106847473280649
7307,0.5106847473280649
6749,0.5106847473280649
7308,0.5468891498437882
3168,0.5368891498437882
6117,0.5368891498437882
5580,0.5106847473280649
1642,0.5106847473280649
1646,0.5168891498437882
7317,0.5106847473280649
4172,0.5106847473280649
7318,0.5306847473280649
5892,0.5201114240235093
891,0.5106847473280649
7319,0.5468891498437882
4180,0.5106847473280649
6761,0.49011142402350927
7322,0.5001114240235093
4412,0.5579582098841537
1692,0.5106847473280649
2977,0.5068891498437882
4975,0.5106847473280649
6243,0.5045309011742188
3514,0.5106847473280649
105,0.5045309011742188
7334,0.5106847473280649
973,0.5368891498437882
4441,0.5106847473280649
7342,0.48011142402350926
7343,0.5275646648863088
7347,0.5093385302506155
7148,0.5106847473280649
2749,0.5106847473280649
3781,0.5006847473280649
4656,0.5106847473280649
7358,0.5672603611601081
3039,0.5368891498437882
5798,0.5368891498437882
6281,0.49011142402350927
7363,0.5168891498437882
230,0.5106847473280649
1070,0.5106847473280649
3827,0.5168891498437882
4678,0.5268891498437882
7368,0.5106847473280649
5954,0.5106847473280649
656,0.5206847473280649
7370,0.5082372527623081
5221,0.5106847473280649
2831,0.5168891498437882
693,0.5106847473280649
5533,0.5106847473280649
4310,0.5106847473280649
5832,0.5106847473280649
708,0.5275646648863088
311,0.5106847473280649
5836,0.5106847473280649
1892,0.5106847473280649
4713,0.5368891498437882
7386,0.5106847473280649
3871,0.5106847473280649
6095,0.5106847473280649
735,0.5106847473280649
3881,0.5106847473280649
5259,0.5368891498437882
353,0.5268891498437882
7389,0.5006847473280649
7294,0.5106847473280649
7391,0.5106847473280649
6106,0.5106847473280649
6108,0.5414688858183379
403,0.5301114240235093
7397,0.5106847473280649
7401,0.4900429283846504
436,0.4911039090047117
1258,0.5006847473280649
7408,0.48011142402350926
1651,0.5106847473280649
1651,0.5106847473280649
6568,0.5567780906901759
3192,0.5368891498437882
7410,0.5375646648863088
6760,0.5268891498437882
7411,0.5368891498437882
1675,0.5106847473280649
3952,0.5168891498437882
7031,0.5268891498437882
4604,0.5368891498437882
3497,0.5106847473280649
7417,0.5006847473280649
6239,0.5106847473280649
63,0.546083468006579
1706,0.5101114240235093
7227,0.5368891498437882
2993,0.5368891498437882
2082,0.5106847473280649
5329,0.5106847473280649
6149,0.5106847473280649
4455,0.5248007944015588
4252,0.5101114240235093
2444,0.5106847473280649
6489,0.5106847473280649
4846,0.5106847473280649
2134,0.5106847473280649
4847,0.5006847473280649
6880,0.5368891498437882
7442,0.5482592875699058
5512,0.5001114240235093
4857,0.5106847473280649
7447,0.5368891498437882
3594,0.5073083115204349
7451,0.5368891498437882
1453,0.5067780906901759
249,0.5268891498437882
5813,0.5106847473280649
7452,0.49756466488630885
1085,0.5106847473280649
2509,0.49068474732806494
7454,0.5106847473280649
666,0.5106847473280649
4075,0.546083468006579
697,0.5106847473280649
3101,0.5268891498437882
3362,0.5106847473280649
1512,0.4911039090047117
7182,0.5006847473280649
728,0.5106847473280649
7468,0.5106847473280649
1149,0.5106847473280649
6317,0.5106847473280649
5861,0.5106847473280649
3902,0.5106847473280649
6320,0.5268891498437882
1208,0.5045309011742188
7199,0.5106847473280649
7478,0.5106847473280649
2295,0.5106847473280649
5867,0.5105736881744527
7481,0.49068474732806494
414,0.5106847473280649
2935,0.5106847473280649
841,0.5106847473280649
4582,0.5106847473280649
3696,0.5306847473280649
2944,0.5106847473280649
1641,0.5004923764044616
3711,0.5368891498437882
1264,0.5106847473280649
25,0.5106847473280649
7492,0.5268891498437882
1293,0.5106847473280649
7494,0.5106847473280649
7494,0.5106847473280649
2672,0.5011039090047117
7499,0.5367780906901759
6131,0.5106847473280649
3958,0.5106847473280649
6021,0.5106847473280649
7417,0.4905736881744527
3749,0.5106847473280649
4198,0.5106847473280649
4621,0.5168891498437882
5157,0.49068474732806494
2090,0.5106847473280649
1752,0.5106847473280649
3535,0.5106847473280649
136,0.5106847473280649
7513,0.5106847473280649
4824,0.5006847473280649
5633,0.5106847473280649
155,0.5106847473280649
4464,0.5001114240235093
5181,0.5472230184411441
4648,0.5468891498437882
2112,0.5433318634555531
4470,0.5006847473280649
3790,0.5106847473280649
4025,0.5106847473280649
598,0.5368891498437882
1800,0.5106847473280649
1803,0.5167780906901759
615,0.5106847473280649
1047,0.5106847473280649
1051,0.5106847473280649
4668,0.5006847473280649
2150,0.5106847473280649
3323,0.5106847473280649
6079,0.5106847473280649
2520,0.5368891498437882
5966,0.5213371142224374
2848,0.5206847473280649
5829,0.5106847473280649
5242,0.5368891498437882
7548,0.5106847473280649
2869,0.5001114240235093
339,0.5106847473280649
2878,0.5106847473280649
2886,0.5410051969172821
7560,0.5106847473280649
1190,0.5106847473280649
3411,0.5106847473280649
3413,0.5106847473280649
3414,0.5206847473280649
3419,0.5111039090047117
7015,0.5106847473280649
1950,0.5106847473280649
2299,0.5368891498437882
4150,0.5106847473280649
7575,0.5271837125053564
5,0.5106847473280649
3452,0.5106847473280649
1258,0.5006847473280649
5888,0.5106847473280649
6755,0.5206847473280649
453,0.5106847473280649
7579,0.5106847473280649
2675,0.5106847473280649
6239,0.5106847473280649
2362,0.5106847473280649
7590,0.44053058570015596
2066,0.5368891498437882
2989,0.5106847473280649
7595,0.5206847473280649
2073,0.5106847473280649
6867,0.535140737744335
6246,0.4911039090047117
2081,0.5106847473280649
4221,0.5373083115204349
4231,0.5106847473280649
1760,0.5245309011742187
2097,0.5106847473280649
5004,0.5206847473280649
6967,0.5005736881744527
7607,0.4668891498437882
7610,0.5375646648863088
7612,0.5106847473280649
4466,0.5106847473280649
6369,0.5310051969172821
7355,0.5106847473280649
3573,0.5375236558481327
5197,0.5106847473280649
5936,0.5206847473280649
6981,0.5378783351889534
1825,0.5106847473280649
1064,0.5106847473280649
6072,0.5106847473280649
3598,0.5206847473280649
7627,0.5106847473280649
7629,0.5106847473280649
4066,0.5510051969172821
2194,0.5106847473280649
5699,0.5106847473280649
5239,0.5106847473280649
2545,0.5106847473280649
7182,0.5011039090047117
4531,0.5106847473280649
1888,0.5106847473280649
1527,0.5045309011742188
4320,0.5168891498437882
4535,0.5068891498437882
4541,0.5106847473280649
4542,0.5106847473280649
7286,0.48011142402350926
6816,0.5106847473280649
4106,0.5106847473280649
2887,0.5106847473280649
6100,0.5510051969172821
6203,0.5210186159254209
1192,0.5076447051881321
4556,0.5368891498437882
1201,0.5106847473280649
7199,0.5106847473280649
3426,0.4911039090047117
3428,0.5168891498437882
2298,0.5106847473280649
824,0.5106847473280649
2303,0.49068474732806494
834,0.5106847473280649
2938,0.49068474732806494
7655,0.5106847473280649
2316,0.5106847473280649
6752,0.5106847473280649
859,0.5173083115204349
2656,0.5194934499946641
2954,0.5206847473280649
3462,0.5206847473280649
4172,0.5206847473280649
2341,0.5106847473280649
1284,0.5106847473280649
1669,0.5510051969172821
2670,0.5710051969172821
3212,0.5006847473280649
1305,0.5106847473280649
5303,0.49068474732806494
2364,0.5106847473280649
5602,0.5368891498437882
6586,0.5106847473280649
942,0.5268891498437882
90,0.5106847473280649
7667,0.5068891498437882
92,0.5106847473280649
2085,0.5106847473280649
4436,0.5006847473280649
544,0.5106847473280649
7426,0.5106847473280649
6771,0.5106847473280649
7238,0.5168891498437882
5167,0.5368891498437882
133,0.510530585700156
2417,0.5106847473280649
3773,0.5106847473280649
4238,0.5106847473280649
7147,0.5268891498437882
4012,0.5106847473280649
1391,0.5368891498437882
6698,0.5268891498437882
7060,0.5117464074104122
7060,0.5120507111366129
2112,0.5433318634555531
7615,0.4911039090047117
2785,0.5106847473280649
5359,0.5106847473280649
2479,0.5006847473280649
6501,0.5106847473280649
2798,0.5106847473280649
4278,0.5268891498437882
5822,0.5271837125053564
7704,0.5006847473280649
2523,0.5106847473280649
4073,0.5505736881744526
7707,0.46022248317712156
3625,0.5159685668806521
7380,0.5571590430711283
2213,0.5106847473280649
7711,0.5368891498437882
3365,0.5106847473280649
2222,0.5368891498437882
5543,0.5106847473280649
1885,0.49068474732806494
1166,0.5106847473280649
4725,0.5206847473280649
3387,0.5448007944015588
2890,0.5368891498437882
7719,0.4668891498437882
1199,0.5006847473280649
2596,0.5106847473280649
799,0.5006847473280649
3160,0.5001114240235093
3438,0.5268891498437882
6836,0.5006847473280649
1618,0.5106847473280649
6751,0.525140737744335
6337,0.5106847473280649
857,0.5101114240235093
3448,0.5106847473280649
435,0.5268891498437882
1987,0.5106847473280649
21,0.5106847473280649
4956,0.5106847473280649
1664,0.5006847473280649
2017,0.5106847473280649
6449,0.5273083115204349
3726,0.5106847473280649
7733,0.49068474732806494
4412,0.5429350617360056
7734,0.5302368697236599
3490,0.5206847473280649
1309,0.5106847473280649
4605,0.5106847473280649
7736,0.5106847473280649
3223,0.5448007944015588
7738,0.5106847473280649
3230,0.5106847473280649
7740,0.4973083115204349
6030,0.5375415167381606
945,0.5106847473280649
6673,0.5368891498437882
3238,0.5106847473280649
5615,0.5106847473280649
3254,0.5106847473280649
533,0.5106847473280649
109,0.5106847473280649
4213,0.5106847473280649
4437,0.5368891498437882
970,0.5106847473280649
5630,0.5368891498437882
5775,0.5106847473280649
3020,0.5106847473280649
2105,0.5106847473280649
560,0.5106847473280649
1775,0.5106847473280649
2761,0.5368891498437882
3298,0.5101114240235093
7755,0.5106847473280649
5645,0.5068891498437882
2453,0.5368891498437882
4842,0.4911039090047117
617,0.5206847473280649
621,0.5206847473280649
5029,0.5006847473280649
3048,0.5206847473280649
5203,0.5106847473280649
5360,0.5268891498437882
5035,0.5045309011742188
7759,0.48053058570015594
4496,0.5106847473280649
7763,0.48688914984378817
4062,0.5106847473280649
2517,0.49068474732806494
5820,0.5106847473280649
7769,0.5068891498437882
7770,0.5106847473280649
3360,0.5106847473280649
715,0.5106847473280649
3367,0.5106847473280649
2864,0.5106847473280649
1140,0.5106847473280649
5086,0.5368891498437882
1903,0.5106847473280649
1548,0.5106847473280649
2251,0.5168891498437882
4897,0.5106847473280649
4903,0.5106847473280649
1922,0.5368891498437882
775,0.5011039090047117
7782,0.5275646648863088
1932,0.5168891498437882
2271,0.5106847473280649
3144,0.5255143913157343
4127,0.5106847473280649
2613,0.5106847473280649
3162,0.5106847473280649
423,0.5268891498437882
4149,0.5106847473280649
2637,0.5106847473280649
7790,0.4606847473280649
2646,0.5106847473280649
5581,0.5206847473280649
3182,0.5101114240235093
7791,0.5106847473280649
5582,0.5106847473280649
3465,0.5106847473280649
7797,0.5106847473280649
2960,0.5106847473280649
1286,0.515854353177134
2969,0.5106847473280649
3741,0.5268891498437882
505,0.5206847473280649
5313,0.5268891498437882
948,0.5045309011742188
92,0.5106847473280649
2390,0.5206847473280649
4212,0.5106847473280649
105,0.5045309011742188
6141,0.5268891498437882
4990,0.5106847473280649
7811,0.5206847473280649
2092,0.5106847473280649
982,0.5206847473280649
6048,0.5571972523668226
5335,0.5068891498437882
2436,0.5106847473280649
5345,0.5106847473280649
2125,0.5106847473280649
5020,0.5106847473280649
5353,0.5106847473280649
1803,0.4501114240235093
4271,0.5106847473280649
7823,0.4501114240235093
4489,0.49068474732806494
1825,0.5106847473280649
5660,0.5111039090047117
231,0.5106847473280649
2802,0.5106847473280649
2498,0.5206847473280649
2499,0.5106847473280649
7171,0.5268891498437882
668,0.5106847473280649
7832,0.5167780906901759
674,0.5106847473280649
2198,0.5106847473280649
3087,0.5106847473280649
2531,0.5368891498437882
2207,0.5106847473280649
3097,0.5106847473280649
2541,0.5006847473280649
707,0.5106847473280649
709,0.5106847473280649
5245,0.5106847473280649
4706,0.5106847473280649
3641,0.5106847473280649
1141,0.5106847473280649
5249,0.5206847473280649
7840,0.5268891498437882
7288,0.5468891498437882
7845,0.5068891498437882
2257,0.5206847473280649
4898,0.5106847473280649
1578,0.5106847473280649
789,0.5368891498437882
5863,0.5106847473280649
2600,0.5106847473280649
7855,0.4902224831771215
4357,0.5106847473280649
7394,0.5106847473280649
3916,0.5106847473280649
4756,0.5206847473280649
7859,0.5206847473280649
5737,0.5106847473280649
7862,0.5245309011742187
431,0.5106847473280649
4943,0.5106847473280649
7865,0.5368891498437882
2650,0.5106847473280649
1253,0.5273083115204349
867,0.5201114240235093
7728,0.5106847473280649
1259,0.5106847473280649
2658,0.5268891498437882
7488,0.5410328104962367
1654,0.5106847473280649
1659,0.5268891498437882
4392,0.5106847473280649
459,0.5106847473280649
3723,0.5106847473280649
7878,0.5006847473280649
5457,0.5206847473280649
6025,0.5297977537208647
2051,0.5106847473280649
5142,0.5106847473280649
7885,0.5045309011742188
533,0.5106847473280649
7338,0.5268891498437882
3264,0.5106847473280649
3273,0.5106847473280649
6868,0.4968891498437882
7675,0.5106847473280649
4445,0.5106847473280649
3543,0.5006847473280649
2417,0.5106847473280649
1765,0.5106847473280649
5173,0.5564412722393832
151,0.5106847473280649
153,0.5674989864139044
7894,0.5373083115204349
4456,0.5168891498437882
2756,0.5006847473280649
1782,0.5106847473280649
4664,0.5106847473280649
3582,0.5168891498437882
7901,0.5368891498437882
6063,0.5368891498437882
7904,0.5168891498437882
632,0.5106847473280649
265,0.5106847473280649
3348,0.5368891498437882
6521,0.536936135326208
2830,0.5106847473280649
279,0.5068891498437882
7918,0.5205736881744527
6896,0.5106847473280649
4877,0.5106847473280649
5064,0.5106847473280649
5241,0.5106847473280649
5389,0.5045309011742188
721,0.5106847473280649
2236,0.5368891498437882
1897,0.5106847473280649
5987,0.5106847473280649
1175,0.5106847473280649
6314,0.5106847473280649
756,0.5106847473280649
3130,0.5006847473280649
4119,0.5306847473280649
3898,0.5106847473280649
2282,0.5106847473280649
402,0.5106847473280649
7933,0.48011142402350926
812,0.5306984081851984
7656,0.5006847473280649
7941,0.5106847473280649
6218,0.5106847473280649
5877,0.5045309011742188
5284,0.5045309011742188
7865,0.5368891498437882
6656,0.5068891498437882
2952,0.5106847473280649
1999,0.5368891498437882
4162,0.48125162101793345
6755,0.5106847473280649
454,0.5106847473280649
3200,0.5106847473280649
1301,0.5206847473280649
6857,0.5306847473280649
5598,0.5006847473280649
502,0.5106847473280649
7952,0.5106847473280649
2985,0.5106847473280649
2385,0.5045309011742188
99,0.5045309011742188
7599,0.5106847473280649
4215,0.5006847473280649
1741,0.5106847473280649
3765,0.5368891498437882
1766,0.5106847473280649
4457,0.5006847473280649
4644,0.5011039090047117
4245,0.5468891498437882
572,0.5368891498437882
2111,0.5045309011742188
172,0.5106847473280649
177,0.5106847473280649
190,0.5006847473280649
5355,0.5268891498437882
7969,0.5106847473280649
3580,0.5006847473280649
2470,0.5045309011742188
1834,0.5106847473280649
3599,0.5368891498437882
257,0.5106847473280649
2828,0.5106847473280649
1871,0.5106847473280649
6185,0.5106847473280649
3629,0.5106847473280649
7001,0.5010662187177107
2862,0.5106847473280649
1141,0.5106847473280649
5979,0.5368891498437882
1145,0.5206847473280649
5986,0.5368891498437882
1552,0.5206847473280649
7986,0.5468891498437882
7294,0.5106847473280649
7010,0.5510051969172821
5095,0.5106847473280649
4341,0.5106847473280649
4741,0.5106847473280649
7476,0.5468891498437882
5107,0.5106847473280649
1211,0.5206847473280649
3909,0.5006847473280649
4751,0.5368891498437882
7992,0.5045309011742188
3173,0.5006847473280649
7119,0.5368891498437882
3705,0.5106847473280649
8,0.5106847473280649
2000,0.5106847473280649
6227,0.5106847473280649
6227,0.5106847473280649
470,0.5368891498437882
3475,0.5106847473280649
909,0.5106847473280649
46,0.5106847473280649
1304,0.5106847473280649
55,0.5375236558481327
8004,0.5006847473280649
5461,0.5268891498437882
1327,0.5106847473280649
8006,0.5268891498437882
4206,0.5106847473280649
2385,0.5045309011742188
1732,0.5355143913157343
3248,0.5273083115204349
3521,0.5106847473280649
5159,0.5206847473280649
8014,0.5101114240235093
3270,0.5106847473280649
4440,0.5106847473280649
2097,0.5106847473280649
997,0.4911039090047117
4829,0.5368891498437882
6700,0.5168891498437882
6780,0.527904608229085
5021,0.5106847473280649
4478,0.5106847473280649
1037,0.5106847473280649
7969,0.5106847473280649
7970,0.5106847473280649
8026,0.5106847473280649
5656,0.5206847473280649
6282,0.5413682884082064
1818,0.5368891498437882
2793,0.5106847473280649
3319,0.5106847473280649
5362,0.5106847473280649
8031,0.5368891498437882
1834,0.5106847473280649
7975,0.5106847473280649
8036,0.5268891498437882
1459,0.5306847473280649
1461,0.5001114240235093
4508,0.5106847473280649
4062,0.5106847473280649
5375,0.5268891498437882
3835,0.5473083115204349
1487,0.5106847473280649
8047,0.5106847473280649
3101,0.5268891498437882
1129,0.5268891498437882
8050,0.4968891498437882
2218,0.5106847473280649
3635,0.5106847473280649
4091,0.48068474732806493
5974,0.5306847473280649
6411,0.5206847473280649
4320,0.5268891498437882
3119,0.5106847473280649
747,0.5106847473280649
3882,0.520735303689942
7926,0.5468891498437882
2583,0.5006847473280649
7474,0.5106847473280649
1946,0.5106847473280649
2593,0.5106847473280649
6746,0.5471590430711283
1947,0.49068474732806494
7301,0.5106847473280649
2599,0.5106847473280649
4750,0.5206847473280649
1218,0.5106847473280649
3432,0.5106847473280649
826,0.5106847473280649
5423,0.5106847473280649
6221,0.5106847473280649
1645,0.5106847473280649
5885,0.5510283450654303
4952,0.5111039090047117
2005,0.5201114240235093
5587,0.5268891498437882
896,0.5161369685131825
6763,0.5106847473280649
1307,0.5368891498437882
4604,0.5368891498437882
5457,0.5206847473280649
2363,0.5106847473280649
926,0.5106847473280649
5460,0.5368891498437882
7665,0.5368891498437882
4609,0.5106847473280649
5763,0.5368891498437882
2057,0.48110390900471167
8086,0.5068891498437882
4199,0.5309546405554051
5606,0.5106847473280649
5469,0.5006847473280649
2990,0.5106847473280649
2075,0.4501114240235093
3003,0.5106847473280649
3530,0.5268891498437882
541,0.5106847473280649
4231,0.5106847473280649
8096,0.5368891498437882
6472,0.5368891498437882
2734,0.5106847473280649
7603,0.5106847473280649
1764,0.5106847473280649
562,0.5006847473280649
1381,0.4968891498437882
1776,0.5106847473280649
7613,0.5468891498437882
2759,0.5106847473280649
584,0.5310051969172821
4655,0.5268891498437882
3029,0.5106847473280649
3799,0.5106847473280649
6163,0.5268891498437882
2133,0.5106847473280649
7903,0.5106847473280649
2801,0.5006847473280649
2493,0.5106847473280649
244,0.5106847473280649
3831,0.5006847473280649
5526,0.4505305857001559
5682,0.5106847473280649
286,0.5006847473280649
1489,0.5106847473280649
716,0.5106847473280649
1526,0.5106847473280649
2867,0.5302368697236599
7288,0.5268891498437882
4730,0.5106847473280649
8143,0.5001114240235093
8145,0.5402224831771215
2580,0.5106847473280649
7782,0.5375646648863088
372,0.5106847473280649
8151,0.5368891498437882
3146,0.5106847473280649
380,0.5106847473280649
1947,0.5068891498437882
8153,0.5368891498437882
8154,0.541339793125566
1595,0.5045309011742188
4923,0.5168891498437882
6325,0.5171837125053564
7724,0.5310283450654303
407,0.5206847473280649
8155,0.5373083115204349
840,0.5106847473280649
5877,0.5045309011742188
7023,0.5206847473280649
1646,0.5068891498437882
5127,0.5106847473280649
467,0.5268891498437882
7500,0.5468891498437882
6858,0.5206847473280649
8166,0.5468891498437882
1323,0.5268891498437882
4973,0.5006847473280649
2061,0.5206847473280649
4205,0.5206847473280649
7809,0.5106847473280649
5160,0.5106847473280649
2733,0.5106847473280649
3767,0.5273083115204349
131,0.5106847473280649
550,0.5106847473280649
5627,0.5106847473280649
3771,0.5106847473280649
5777,0.5268891498437882
2753,0.5106847473280649
4011,0.5106847473280649
3294,0.49011142402350927
6972,0.5106847473280649
1016,0.5106847473280649
2448,0.5106847473280649
7151,0.5106847473280649
1793,0.5045309011742188
2123,0.5106847473280649
7436,0.5168891498437882
597,0.5306847473280649
613,0.4911039090047117
6162,0.5368891498437882
1421,0.5106847473280649
6278,0.5106847473280649
3051,0.5106847473280649
633,0.5106847473280649
6985,0.4968891498437882
4856,0.5482182785317296
1839,0.5106847473280649
1453,0.5268891498437882
1461,0.5101114240235093
6618,0.4771821912192764
6079,0.5106847473280649
4071,0.5106847473280649
3083,0.5106847473280649
8194,0.5006847473280649
3093,0.5368891498437882
299,0.5106847473280649
4526,0.5106847473280649
6902,0.5106847473280649
8201,0.5267780906901759
2228,0.5006847473280649
3869,0.5106847473280649
4714,0.535140737744335
3874,0.5268891498437882
738,0.5106847473280649
1161,0.5268891498437882
5988,0.5068891498437882
7298,0.49053058570015595
6425,0.5106847473280649
3419,0.5011039090047117
5862,0.5106847473280649
8214,0.5101114240235093
6922,0.5106847473280649
390,0.5106847473280649
4359,0.5106847473280649
2607,0.5106847473280649
2609,0.5106847473280649
6650,0.5106847473280649
2297,0.5106847473280649
8219,0.5045309011742188
2927,0.5106847473280649
7939,0.5348007944015588
418,0.5468891498437882
1233,0.5368891498437882
1237,0.5106847473280649
3173,0.5006847473280649
5878,0.5106847473280649
6437,0.5368891498437882
3701,0.5206847473280649
864,0.5173083115204349
5433,0.5106847473280649
2658,0.5068891498437882
4775,0.5106847473280649
1278,0.5106847473280649
4597,0.4968891498437882
892,0.5206847473280649
3202,0.5568891498437882
3217,0.5368891498437882
4789,0.5106847473280649
63,0.5510283450654303
5148,0.5015720742683092
3519,0.5106847473280649
6249,0.5106847473280649
3256,0.5106847473280649
535,0.5106847473280649
2727,0.5106847473280649
7811,0.5206847473280649
2740,0.5106847473280649
2100,0.5106847473280649
8246,0.5268891498437882
563,0.5372230184411442
8248,0.5106847473280649
4011,0.5106847473280649
3292,0.49011142402350927
3782,0.5368891498437882
4255,0.5106847473280649
3790,0.5106847473280649
3793,0.535140737744335
180,0.5106847473280649
3796,0.5011039090047117
593,0.5205736881744527
1415,0.5348007944015588
3800,0.5268891498437882
8257,0.5211039090047117
8260,0.5375646648863088
3585,0.5106847473280649
5808,0.5001114240235093
8264,0.5268891498437882
8266,0.5105733233045557
8267,0.5168891498437882
3069,0.5106847473280649
5214,0.5368891498437882
3344,0.5106847473280649
3075,0.5106847473280649
3836,0.5306847473280649
5822,0.5271605643572083
682,0.5106847473280649
3088,0.5106847473280649
2843,0.5373083115204349
3622,0.5106847473280649
1876,0.5106847473280649
3626,0.5106847473280649
3630,0.5106847473280649
2214,0.5106847473280649
8277,0.5171285895642077
5070,0.5368891498437882
7773,0.5106847473280649
3865,0.5106847473280649
5078,0.5106847473280649
1150,0.4968891498437882
1150,0.5467780906901759
4098,0.5106847473280649
5086,0.5368891498437882
8286,0.5267780906901759
5255,0.5068891498437882
342,0.5206847473280649
1549,0.49068474732806494
8292,0.5006847473280649
779,0.5106847473280649
6112,0.5468891498437882
3435,0.5468891498437882
4366,0.5106847473280649
8298,0.5106847473280649
835,0.5106847473280649
8300,0.5268891498437882
1974,0.43064164485376827
